OrderID,Fecha,CustomerID,Categoria,Producto,Cantidad,PrecioUnitario,PrecioTotal,Ciudad
ORD-1001,2024-11-01 08:24:00,CUST-407,Libros,Cómic,4,79.99,319.96,Zaragoza
ORD-1002,2024-07-07 20:22:00,CUST-653,Electrónica,Laptop,5,124.21,621.05,Sevilla
ORD-1003,2024-06-11 14:17:00,CUST-650,Ropa,Camiseta,5,457.78,2288.9,Valencia
ORD-1004,2024-01-26 00:17:00,CUST-418,Electrónica,Tablet,1,439.54,439.54,Madrid
ORD-1005,2024-04-07 19:08:00,CUST-319,Hogar,Cojín,4,151.27,605.08,Madrid
ORD-1006,2024-04-25 13:39:00,CUST-545,Deportes,Raqueta,4,89.63,358.52,Valencia
ORD-1007,2025-01-11 15:50:00,CUST-426,Deportes,Raqueta,3,469.81,1409.43,Madrid
ORD-1008,2024-05-27 19:24:00,CUST-518,Deportes,Bicicleta,2,354.32,708.64,Barcelona
ORD-1009,2024-06-28 01:44:00,CUST-927,Hogar,Espejo,4,422.07,1688.28,Madrid
ORD-1010,2025-01-26 19:12:00,CUST-372,Hogar,Espejo,4,204.3,817.2,Madrid
ORD-1011,2024-01-30 15:57:00,CUST-911,Hogar,Espejo,5,289.37,1446.85,Sevilla
ORD-1012,2024-06-12 20:02:00,CUST-291,Ropa,Camiseta,2,429.89,859.78,Valencia
ORD-1013,2024-05-01 23:00:00,CUST-330,Ropa,Zapatillas,1,135.08,135.08,Sevilla
ORD-1014,2025-01-06 00:39:00,CUST-853,Hogar,Espejo,2,213.44,426.88,Zaragoza
ORD-1015,2024-10-12 21:49:00,CUST-318,Hogar,Cafetera,2,431.98,863.96,Valencia
ORD-1016,2024-07-13 18:52:00,CUST-955,Deportes,Esterilla,1,230.27,230.27,Zaragoza
ORD-1017,2024-10-29 07:39:00,CUST-247,Libros,Cómic,4,192.45,769.8,Madrid
ORD-1018,2025-01-12 00:56:00,CUST-450,Hogar,Sartén,3,199.79,599.37,Zaragoza
ORD-1019,2024-09-06 13:47:00,CUST-887,Ropa,Zapatillas,4,300.51,1202.04,Málaga
ORD-1020,2024-06-02 22:09:00,CUST-115,Deportes,Raqueta,5,108.19,540.95,Sevilla
ORD-1021,2024-09-19 04:06:00,CUST-873,Deportes,Mancuerna,5,221.84,1109.2,Sevilla
ORD-1022,2024-08-18 12:51:00,CUST-564,Electrónica,Laptop,2,90.29,180.58,Valencia
ORD-1023,2024-09-02 17:00:00,CUST-941,Libros,Poesía,4,218.82,875.28,Valencia
ORD-1024,2024-02-07 05:23:00,CUST-392,Ropa,Gorra,1,317.82,317.82,Sevilla
ORD-1025,2024-08-23 18:44:00,CUST-768,Deportes,Raqueta,4,218.28,873.12,Zaragoza
ORD-1026,2024-08-27 06:24:00,CUST-723,Hogar,Cojín,1,15.41,15.41,Zaragoza
ORD-1027,2024-12-11 08:54:00,CUST-671,Electrónica,Laptop,5,232.6,1163.0,Málaga
ORD-1028,2024-12-19 00:15:00,CUST-587,Deportes,Esterilla,3,88.06,264.18,Madrid
ORD-1029,2024-07-08 18:17:00,CUST-292,Deportes,Raqueta,2,229.66,459.32,Málaga
ORD-1030,2024-06-04 20:39:00,CUST-143,Libros,Ensayo,3,63.01,189.03,Málaga
ORD-1031,2024-12-23 22:36:00,CUST-149,Libros,Biografía,3,227.63,682.89,Sevilla
ORD-1032,2024-01-25 22:03:00,CUST-709,Ropa,Pantalones,4,494.82,1979.28,Zaragoza
ORD-1033,2024-11-05 10:37:00,CUST-747,Electrónica,Auriculares,2,223.61,447.22,Madrid
ORD-1034,2024-11-01 11:24:00,CUST-201,Libros,Ensayo,1,384.29,384.29,Madrid
ORD-1035,2024-06-22 02:10:00,CUST-564,Hogar,Cafetera,3,179.44,538.32,Valencia
ORD-1036,2024-08-03 19:15:00,CUST-801,Hogar,Sartén,5,426.81,2134.05,Sevilla
ORD-1037,2024-06-12 14:54:00,CUST-228,Deportes,Balón,3,41.45,124.35,Sevilla
ORD-1038,2024-09-10 23:40:00,CUST-699,Libros,Ensayo,1,229.41,229.41,Zaragoza
ORD-1039,2024-09-18 01:13:00,CUST-738,Libros,Novela,3,173.09,519.27,Zaragoza
ORD-1040,2024-11-27 22:53:00,CUST-551,Deportes,Mancuerna,5,387.83,1939.15,Valencia
ORD-1041,2025-01-09 06:30:00,CUST-998,Hogar,Sartén,5,268.49,1342.45,Valencia
ORD-1042,2024-12-18 13:06:00,CUST-871,Deportes,Esterilla,3,322.15,966.45,Málaga
ORD-1043,2024-07-13 11:20:00,CUST-645,Libros,Poesía,2,214.51,429.02,Sevilla
ORD-1044,2025-01-12 20:20:00,CUST-237,Hogar,Espejo,4,208.28,833.12,Sevilla
ORD-1045,2024-01-30 11:35:00,CUST-678,Deportes,Balón,1,86.46,86.46,Valencia
ORD-1046,2024-11-23 17:21:00,CUST-924,Deportes,Balón,3,15.2,45.6,Valencia
ORD-1047,2024-04-06 11:30:00,CUST-474,Ropa,Chaqueta,1,467.98,467.98,Sevilla
ORD-1048,2025-01-15 23:30:00,CUST-132,Libros,Poesía,5,470.25,2351.25,Barcelona
ORD-1049,2024-12-06 17:54:00,CUST-578,Ropa,Camiseta,4,17.47,69.88,Valencia
ORD-1050,2024-01-19 05:07:00,CUST-793,Ropa,Gorra,2,315.1,630.2,Sevilla
ORD-1051,2024-06-03 03:43:00,CUST-294,Electrónica,Laptop,5,95.35,476.75,Barcelona
ORD-1052,2024-04-06 07:29:00,CUST-494,Hogar,Cafetera,5,349.75,1748.75,Valencia
ORD-1053,2024-10-14 21:07:00,CUST-792,Deportes,Mancuerna,3,30.04,90.12,Madrid
ORD-1054,2024-01-20 08:58:00,CUST-127,Libros,Biografía,3,385.03,1155.09,Sevilla
ORD-1055,2024-11-25 11:52:00,CUST-889,Deportes,Esterilla,2,328.87,657.74,Madrid
ORD-1056,2025-01-26 09:57:00,CUST-856,Deportes,Balón,4,161.88,647.52,Zaragoza
ORD-1057,2024-06-09 14:26:00,CUST-977,Libros,Poesía,5,162.85,814.25,Barcelona
ORD-1058,2024-05-27 05:29:00,CUST-800,Deportes,Mancuerna,2,184.5,369.0,Madrid
ORD-1059,2024-06-22 12:12:00,CUST-490,Ropa,Zapatillas,4,465.64,1862.56,Zaragoza
ORD-1060,2024-11-12 12:43:00,CUST-615,Ropa,Pantalones,4,315.51,1262.04,Sevilla
ORD-1061,2024-01-07 07:35:00,CUST-237,Ropa,Pantalones,2,410.94,821.88,Málaga
ORD-1062,2024-06-30 16:21:00,CUST-249,Deportes,Esterilla,1,419.79,419.79,Sevilla
ORD-1063,2024-03-05 14:10:00,CUST-789,Deportes,Balón,5,95.49,477.45,Málaga
ORD-1064,2024-03-07 09:07:00,CUST-693,Electrónica,Smartphone,4,401.88,1607.52,Zaragoza
ORD-1065,2024-01-27 07:18:00,CUST-482,Libros,Novela,3,438.07,1314.21,Barcelona
ORD-1066,2024-03-25 17:57:00,CUST-597,Deportes,Balón,3,171.81,515.43,Madrid
ORD-1067,2024-02-20 02:07:00,CUST-696,Deportes,Esterilla,3,470.41,1411.23,Barcelona
ORD-1068,2024-05-10 15:04:00,CUST-460,Electrónica,Tablet,5,385.7,1928.5,Valencia
ORD-1069,2024-05-25 13:37:00,CUST-167,Ropa,Zapatillas,2,210.45,420.9,Sevilla
ORD-1070,2024-09-13 04:28:00,CUST-137,Ropa,Zapatillas,4,494.26,1977.04,Barcelona
ORD-1071,2024-10-28 05:34:00,CUST-668,Electrónica,Smartphone,2,352.85,705.7,Zaragoza
ORD-1072,2025-01-12 16:36:00,CUST-515,Deportes,Bicicleta,4,318.11,1272.44,Málaga
ORD-1073,2024-02-26 19:20:00,CUST-153,Electrónica,Laptop,3,434.97,1304.91,Zaragoza
ORD-1074,2024-08-21 06:44:00,CUST-489,Hogar,Cafetera,3,111.76,335.28,Málaga
ORD-1075,2024-10-12 18:20:00,CUST-580,Libros,Ensayo,5,498.89,2494.45,Barcelona
ORD-1076,2024-11-19 03:01:00,CUST-360,Electrónica,Laptop,4,309.63,1238.52,Málaga
ORD-1077,2024-08-13 09:32:00,CUST-703,Ropa,Pantalones,1,183.61,183.61,Sevilla
ORD-1078,2024-07-29 12:16:00,CUST-898,Ropa,Gorra,5,107.95,539.75,Valencia
ORD-1079,2024-02-02 16:14:00,CUST-947,Hogar,Sartén,3,415.57,1246.71,Sevilla
ORD-1080,2024-07-20 03:15:00,CUST-336,Hogar,Sartén,5,465.87,2329.35,Valencia
ORD-1081,2025-01-31 09:51:00,CUST-998,Ropa,Pantalones,4,83.07,332.28,Valencia
ORD-1082,2024-09-25 12:46:00,CUST-540,Electrónica,Smartwatch,4,387.16,1548.64,Barcelona
ORD-1083,2024-04-18 03:32:00,CUST-397,Ropa,Chaqueta,2,429.64,859.28,Málaga
ORD-1084,2024-08-16 04:25:00,CUST-988,Libros,Novela,1,460.49,460.49,Barcelona
ORD-1085,2024-09-27 21:55:00,CUST-743,Electrónica,Auriculares,5,320.2,1601.0,Valencia
ORD-1086,2024-01-20 21:39:00,CUST-299,Ropa,Chaqueta,2,137.27,274.54,Barcelona
ORD-1087,2024-09-25 23:40:00,CUST-193,Ropa,Zapatillas,1,436.23,436.23,Madrid
ORD-1088,2024-08-03 14:47:00,CUST-919,Libros,Biografía,3,391.54,1174.62,Valencia
ORD-1089,2024-02-21 16:21:00,CUST-377,Deportes,Raqueta,2,188.33,376.66,Barcelona
ORD-1090,2024-02-10 17:41:00,CUST-506,Libros,Ensayo,3,12.78,38.34,Valencia
ORD-1091,2024-10-27 00:03:00,CUST-201,Ropa,Gorra,2,420.33,840.66,Málaga
ORD-1092,2024-02-14 05:05:00,CUST-297,Electrónica,Auriculares,4,208.19,832.76,Málaga
ORD-1093,2024-05-10 07:48:00,CUST-847,Libros,Cómic,2,141.29,282.58,Sevilla
ORD-1094,2025-01-11 06:05:00,CUST-880,Deportes,Raqueta,5,351.59,1757.95,Valencia
ORD-1095,2024-01-23 09:29:00,CUST-797,Ropa,Zapatillas,1,81.34,81.34,Valencia
ORD-1096,2024-09-26 08:20:00,CUST-900,Libros,Biografía,1,444.08,444.08,Sevilla
ORD-1097,2024-03-10 20:30:00,CUST-290,Deportes,Bicicleta,5,382.8,1914.0,Sevilla
ORD-1098,2024-11-28 10:06:00,CUST-734,Electrónica,Smartphone,3,165.98,497.94,Barcelona
ORD-1099,2024-03-06 00:02:00,CUST-783,Hogar,Cafetera,4,200.92,803.68,Barcelona
ORD-1100,2024-08-16 06:38:00,CUST-583,Hogar,Cojín,5,453.44,2267.2,Sevilla
ORD-1101,2024-04-02 03:28:00,CUST-390,Electrónica,Smartwatch,4,299.18,1196.72,Zaragoza
ORD-1102,2024-03-03 17:24:00,CUST-438,Libros,Poesía,1,153.16,153.16,Sevilla
ORD-1103,2024-10-24 23:51:00,CUST-152,Deportes,Balón,5,181.27,906.35,Valencia
ORD-1104,2024-12-17 08:13:00,CUST-596,Ropa,Pantalones,5,456.26,2281.3,Barcelona
ORD-1105,2024-12-22 23:57:00,CUST-466,Electrónica,Smartwatch,1,452.48,452.48,Málaga
ORD-1106,2024-08-06 09:50:00,CUST-395,Electrónica,Tablet,3,496.3,1488.9,Valencia
ORD-1107,2024-11-19 01:34:00,CUST-106,Ropa,Gorra,3,448.65,1345.95,Valencia
ORD-1108,2024-11-29 06:53:00,CUST-893,Hogar,Espejo,5,442.85,2214.25,Valencia
ORD-1109,2024-09-20 19:39:00,CUST-985,Hogar,Sartén,5,421.92,2109.6,Madrid
ORD-1110,2024-12-24 20:27:00,CUST-152,Ropa,Zapatillas,1,280.66,280.66,Sevilla
ORD-1111,2024-05-27 14:20:00,CUST-167,Libros,Ensayo,4,499.66,1998.64,Zaragoza
ORD-1112,2024-03-31 09:09:00,CUST-834,Hogar,Cafetera,4,266.83,1067.32,Barcelona
ORD-1113,2024-02-18 17:59:00,CUST-538,Libros,Novela,2,127.15,254.3,Zaragoza
ORD-1114,2024-01-25 11:39:00,CUST-288,Deportes,Raqueta,1,467.8,467.8,Zaragoza
ORD-1115,2024-01-08 17:13:00,CUST-820,Electrónica,Tablet,1,206.67,206.67,Sevilla
ORD-1116,2024-01-17 02:18:00,CUST-891,Hogar,Espejo,2,296.9,593.8,Madrid
ORD-1117,2024-02-22 03:15:00,CUST-350,Deportes,Raqueta,4,431.83,1727.32,Málaga
ORD-1118,2024-07-15 15:25:00,CUST-829,Hogar,Lámpara,3,177.32,531.96,Málaga
ORD-1119,2024-03-15 20:31:00,CUST-768,Deportes,Raqueta,5,428.37,2141.85,Madrid
ORD-1120,2024-11-05 23:49:00,CUST-855,Hogar,Sartén,2,456.3,912.6,Zaragoza
ORD-1121,2024-05-27 07:54:00,CUST-253,Ropa,Chaqueta,4,93.15,372.6,Madrid
ORD-1122,2024-05-17 08:59:00,CUST-443,Hogar,Espejo,2,346.93,693.86,Zaragoza
ORD-1123,2025-01-19 06:26:00,CUST-696,Ropa,Chaqueta,5,222.62,1113.1,Valencia
ORD-1124,2024-04-11 05:11:00,CUST-459,Ropa,Zapatillas,4,343.07,1372.28,Barcelona
ORD-1125,2024-08-29 09:52:00,CUST-937,Hogar,Cojín,4,443.43,1773.72,Barcelona
ORD-1126,2024-07-09 23:09:00,CUST-575,Ropa,Camiseta,3,101.56,304.68,Málaga
ORD-1127,2024-04-03 05:31:00,CUST-334,Hogar,Cafetera,1,399.79,399.79,Barcelona
ORD-1128,2024-10-14 20:03:00,CUST-350,Hogar,Sartén,1,305.73,305.73,Madrid
ORD-1129,2024-08-25 13:50:00,CUST-985,Electrónica,Tablet,3,385.63,1156.89,Barcelona
ORD-1130,2024-08-23 05:16:00,CUST-354,Hogar,Cafetera,4,469.75,1879.0,Zaragoza
ORD-1131,2024-10-02 18:11:00,CUST-181,Libros,Novela,2,28.42,56.84,Valencia
ORD-1132,2024-12-09 16:34:00,CUST-229,Hogar,Lámpara,2,478.55,957.1,Barcelona
ORD-1133,2024-12-07 07:59:00,CUST-103,Libros,Ensayo,5,248.69,1243.45,Madrid
ORD-1134,2024-08-11 02:32:00,CUST-783,Deportes,Bicicleta,5,400.0,2000.0,Valencia
ORD-1135,2024-01-19 04:30:00,CUST-715,Deportes,Bicicleta,1,228.82,228.82,Sevilla
ORD-1136,2024-06-06 00:00:00,CUST-157,Libros,Biografía,5,405.8,2029.0,Sevilla
ORD-1137,2024-05-18 05:13:00,CUST-625,Deportes,Esterilla,1,425.4,425.4,Valencia
ORD-1138,2024-08-18 18:14:00,CUST-340,Electrónica,Tablet,5,78.94,394.7,Barcelona
ORD-1139,2024-09-27 16:44:00,CUST-728,Deportes,Esterilla,3,108.67,326.01,Madrid
ORD-1140,2024-10-11 23:18:00,CUST-501,Electrónica,Smartphone,1,447.42,447.42,Sevilla
ORD-1141,2024-03-03 09:54:00,CUST-618,Libros,Novela,4,497.45,1989.8,Zaragoza
ORD-1142,2024-06-13 15:33:00,CUST-231,Deportes,Balón,4,159.66,638.64,Valencia
ORD-1143,2024-09-15 22:17:00,CUST-316,Deportes,Raqueta,3,86.11,258.33,Valencia
ORD-1144,2024-06-15 19:11:00,CUST-952,Deportes,Balón,4,366.91,1467.64,Málaga
ORD-1145,2024-12-07 12:27:00,CUST-773,Deportes,Esterilla,4,358.63,1434.52,Madrid
ORD-1146,2024-11-27 05:44:00,CUST-833,Deportes,Raqueta,2,87.55,175.1,Madrid
ORD-1147,2024-04-24 18:36:00,CUST-805,Deportes,Mancuerna,4,387.39,1549.56,Valencia
ORD-1148,2025-01-30 22:31:00,CUST-290,Libros,Novela,2,461.9,923.8,Málaga
ORD-1149,2024-08-18 18:09:00,CUST-301,Libros,Biografía,2,341.38,682.76,Barcelona
ORD-1150,2024-08-01 07:20:00,CUST-245,Electrónica,Tablet,3,88.27,264.81,Zaragoza
ORD-1151,2024-12-24 06:44:00,CUST-709,Hogar,Lámpara,2,256.17,512.34,Valencia
ORD-1152,2025-01-11 03:33:00,CUST-454,Electrónica,Smartphone,5,412.91,2064.55,Zaragoza
ORD-1153,2024-06-24 20:50:00,CUST-904,Hogar,Cafetera,4,362.29,1449.16,Málaga
ORD-1154,2024-05-07 15:25:00,CUST-535,Hogar,Sartén,3,237.09,711.27,Madrid
ORD-1155,2024-10-01 01:14:00,CUST-594,Libros,Novela,2,331.68,663.36,Madrid
ORD-1156,2024-04-01 12:36:00,CUST-509,Libros,Biografía,4,490.45,1961.8,Valencia
ORD-1157,2024-04-16 12:03:00,CUST-206,Electrónica,Tablet,5,64.63,323.15,Zaragoza
ORD-1158,2025-01-25 20:06:00,CUST-389,Ropa,Chaqueta,5,26.55,132.75,Zaragoza
ORD-1159,2024-01-18 01:19:00,CUST-751,Electrónica,Laptop,4,172.37,689.48,Málaga
ORD-1160,2024-07-11 00:20:00,CUST-949,Hogar,Lámpara,1,120.9,120.9,Málaga
ORD-1161,2024-11-28 16:43:00,CUST-410,Electrónica,Smartphone,3,303.56,910.68,Zaragoza
ORD-1162,2024-11-27 08:02:00,CUST-211,Hogar,Espejo,5,358.91,1794.55,Barcelona
ORD-1163,2024-03-30 13:55:00,CUST-389,Libros,Cómic,1,250.88,250.88,Valencia
ORD-1164,2024-10-18 03:45:00,CUST-843,Electrónica,Laptop,3,453.15,1359.45,Barcelona
ORD-1165,2024-09-09 22:00:00,CUST-834,Ropa,Zapatillas,3,395.11,1185.33,Sevilla
ORD-1166,2024-09-17 15:57:00,CUST-305,Electrónica,Smartphone,1,201.01,201.01,Valencia
ORD-1167,2024-12-28 14:51:00,CUST-415,Electrónica,Smartwatch,1,203.97,203.97,Sevilla
ORD-1168,2024-03-21 09:47:00,CUST-981,Electrónica,Smartwatch,1,148.74,148.74,Zaragoza
ORD-1169,2024-07-31 20:08:00,CUST-522,Electrónica,Tablet,3,479.84,1439.52,Málaga
ORD-1170,2024-06-18 05:07:00,CUST-588,Deportes,Raqueta,5,79.5,397.5,Málaga
ORD-1171,2024-12-29 09:54:00,CUST-807,Deportes,Esterilla,4,28.84,115.36,Barcelona
ORD-1172,2024-05-11 22:45:00,CUST-321,Deportes,Bicicleta,2,440.36,880.72,Zaragoza
ORD-1173,2024-12-06 07:15:00,CUST-794,Ropa,Pantalones,4,332.57,1330.28,Málaga
ORD-1174,2024-11-01 14:27:00,CUST-519,Libros,Novela,3,198.35,595.05,Zaragoza
ORD-1175,2024-02-24 13:30:00,CUST-658,Electrónica,Tablet,4,12.97,51.88,Barcelona
ORD-1176,2024-12-31 10:22:00,CUST-191,Deportes,Bicicleta,5,329.75,1648.75,Málaga
ORD-1177,2024-10-15 16:08:00,CUST-670,Electrónica,Laptop,5,331.11,1655.55,Barcelona
ORD-1178,2024-06-17 12:06:00,CUST-586,Electrónica,Auriculares,4,126.75,507.0,Barcelona
ORD-1179,2024-06-05 09:03:00,CUST-467,Hogar,Sartén,4,153.69,614.76,Málaga
ORD-1180,2024-06-05 18:13:00,CUST-141,Deportes,Esterilla,4,162.33,649.32,Málaga
ORD-1181,2025-01-25 17:38:00,CUST-208,Electrónica,Smartphone,1,200.87,200.87,Zaragoza
ORD-1182,2024-07-08 20:22:00,CUST-240,Electrónica,Auriculares,2,167.42,334.84,Barcelona
ORD-1183,2024-02-28 10:27:00,CUST-897,Hogar,Espejo,4,39.36,157.44,Barcelona
ORD-1184,2024-05-02 23:39:00,CUST-950,Electrónica,Tablet,5,150.81,754.05,Sevilla
ORD-1185,2024-06-11 20:53:00,CUST-906,Hogar,Espejo,4,379.82,1519.28,Zaragoza
ORD-1186,2024-10-13 01:20:00,CUST-757,Deportes,Esterilla,3,318.31,954.93,Sevilla
ORD-1187,2024-05-15 23:09:00,CUST-519,Hogar,Cafetera,2,252.7,505.4,Zaragoza
ORD-1188,2024-11-11 01:54:00,CUST-928,Deportes,Balón,4,101.88,407.52,Valencia
ORD-1189,2024-09-24 06:10:00,CUST-703,Electrónica,Tablet,5,236.63,1183.15,Zaragoza
ORD-1190,2024-01-23 19:03:00,CUST-665,Ropa,Camiseta,2,429.2,858.4,Madrid
ORD-1191,2024-04-27 01:21:00,CUST-616,Ropa,Gorra,1,319.55,319.55,Sevilla
ORD-1192,2024-03-28 18:21:00,CUST-688,Hogar,Cojín,1,133.6,133.6,Madrid
ORD-1193,2024-10-04 15:19:00,CUST-372,Libros,Cómic,4,38.0,152.0,Valencia
ORD-1194,2024-11-08 18:39:00,CUST-767,Ropa,Pantalones,4,315.7,1262.8,Valencia
ORD-1195,2024-11-22 11:23:00,CUST-223,Hogar,Cojín,3,39.46,118.38,Sevilla
ORD-1196,2024-11-01 11:37:00,CUST-116,Ropa,Chaqueta,1,374.51,374.51,Valencia
ORD-1197,2024-02-22 23:29:00,CUST-962,Libros,Biografía,5,231.49,1157.45,Valencia
ORD-1198,2024-05-15 05:38:00,CUST-455,Libros,Cómic,2,316.16,632.32,Barcelona
ORD-1199,2024-12-08 10:23:00,CUST-344,Electrónica,Auriculares,4,59.97,239.88,Madrid
ORD-1200,2024-12-13 22:59:00,CUST-768,Hogar,Espejo,2,59.14,118.28,Zaragoza
ORD-1201,2024-08-10 12:21:00,CUST-540,Hogar,Lámpara,5,205.19,1025.95,Sevilla
ORD-1202,2024-04-21 07:45:00,CUST-979,Electrónica,Smartwatch,3,425.92,1277.76,Sevilla
ORD-1203,2024-01-19 14:14:00,CUST-700,Deportes,Bicicleta,3,149.26,447.78,Valencia
ORD-1204,2024-03-24 21:41:00,CUST-949,Hogar,Cojín,4,261.41,1045.64,Sevilla
ORD-1205,2024-12-01 02:49:00,CUST-742,Electrónica,Laptop,3,281.82,845.46,Sevilla
ORD-1206,2024-08-06 12:17:00,CUST-934,Ropa,Pantalones,5,338.01,1690.05,Málaga
ORD-1207,2024-09-14 00:25:00,CUST-696,Deportes,Raqueta,4,164.96,659.84,Valencia
ORD-1208,2024-05-21 03:28:00,CUST-991,Libros,Poesía,3,292.99,878.97,Sevilla
ORD-1209,2024-03-02 02:12:00,CUST-502,Ropa,Chaqueta,4,307.89,1231.56,Zaragoza
ORD-1210,2024-10-26 01:30:00,CUST-981,Deportes,Bicicleta,2,280.37,560.74,Madrid
ORD-1211,2024-05-08 19:01:00,CUST-983,Deportes,Esterilla,3,265.15,795.45,Zaragoza
ORD-1212,2024-02-28 01:53:00,CUST-776,Deportes,Raqueta,5,213.0,1065.0,Málaga
ORD-1213,2024-12-20 14:05:00,CUST-465,Electrónica,Tablet,5,429.23,2146.15,Barcelona
ORD-1214,2024-10-12 08:34:00,CUST-862,Libros,Biografía,1,35.86,35.86,Barcelona
ORD-1215,2024-03-06 14:05:00,CUST-870,Electrónica,Auriculares,2,87.54,175.08,Madrid
ORD-1216,2024-12-20 00:46:00,CUST-346,Hogar,Espejo,3,95.25,285.75,Sevilla
ORD-1217,2024-02-01 16:18:00,CUST-949,Libros,Biografía,2,359.76,719.52,Madrid
ORD-1218,2024-10-31 09:31:00,CUST-260,Hogar,Lámpara,2,44.15,88.3,Madrid
ORD-1219,2024-09-23 11:45:00,CUST-226,Ropa,Zapatillas,2,160.06,320.12,Madrid
ORD-1220,2025-02-03 14:25:00,CUST-932,Libros,Novela,3,126.39,379.17,Sevilla
ORD-1221,2024-07-29 08:38:00,CUST-444,Hogar,Sartén,1,464.48,464.48,Sevilla
ORD-1222,2024-02-22 18:53:00,CUST-267,Deportes,Esterilla,3,306.82,920.46,Zaragoza
ORD-1223,2024-03-20 14:46:00,CUST-523,Ropa,Pantalones,2,297.43,594.86,Zaragoza
ORD-1224,2024-05-09 04:00:00,CUST-266,Hogar,Cafetera,2,36.05,72.1,Barcelona
ORD-1225,2024-04-13 17:17:00,CUST-606,Deportes,Raqueta,5,427.72,2138.6,Valencia
ORD-1226,2024-10-30 00:39:00,CUST-810,Libros,Biografía,5,279.28,1396.4,Madrid
ORD-1227,2024-07-20 09:22:00,CUST-843,Hogar,Cafetera,3,281.74,845.22,Madrid
ORD-1228,2024-03-18 17:42:00,CUST-734,Electrónica,Smartphone,5,51.35,256.75,Málaga
ORD-1229,2024-04-29 21:32:00,CUST-504,Electrónica,Tablet,3,364.63,1093.89,Valencia
ORD-1230,2024-02-23 13:51:00,CUST-828,Electrónica,Smartphone,1,47.13,47.13,Zaragoza
ORD-1231,2024-05-08 05:07:00,CUST-686,Electrónica,Tablet,4,13.1,52.4,Madrid
ORD-1232,2024-05-06 21:36:00,CUST-376,Electrónica,Auriculares,4,183.58,734.32,Barcelona
ORD-1233,2024-11-15 18:26:00,CUST-349,Hogar,Cojín,1,306.89,306.89,Valencia
ORD-1234,2024-02-29 08:57:00,CUST-703,Electrónica,Auriculares,4,221.05,884.2,Valencia
ORD-1235,2024-03-27 21:49:00,CUST-338,Hogar,Cojín,4,318.62,1274.48,Sevilla
ORD-1236,2024-12-30 15:08:00,CUST-354,Hogar,Espejo,1,486.18,486.18,Zaragoza
ORD-1237,2024-08-01 11:19:00,CUST-116,Deportes,Esterilla,1,485.18,485.18,Zaragoza
ORD-1238,2024-04-04 16:45:00,CUST-690,Deportes,Bicicleta,2,332.2,664.4,Madrid
ORD-1239,2024-06-20 07:54:00,CUST-941,Electrónica,Auriculares,3,206.66,619.98,Valencia
ORD-1240,2024-10-28 02:25:00,CUST-226,Electrónica,Tablet,2,220.43,440.86,Valencia
ORD-1241,2024-06-23 15:12:00,CUST-266,Hogar,Sartén,1,405.37,405.37,Sevilla
ORD-1242,2025-01-15 14:19:00,CUST-189,Deportes,Esterilla,5,486.29,2431.45,Valencia
ORD-1243,2024-09-08 17:32:00,CUST-690,Libros,Cómic,5,430.03,2150.15,Madrid
ORD-1244,2024-11-20 16:42:00,CUST-120,Ropa,Chaqueta,2,457.06,914.12,Sevilla
ORD-1245,2024-07-07 02:08:00,CUST-136,Deportes,Mancuerna,1,180.69,180.69,Valencia
ORD-1246,2024-02-12 18:25:00,CUST-584,Libros,Biografía,3,249.6,748.8,Barcelona
ORD-1247,2024-01-26 10:10:00,CUST-994,Hogar,Cafetera,1,239.71,239.71,Barcelona
ORD-1248,2025-01-12 17:56:00,CUST-336,Electrónica,Smartphone,3,215.05,645.15,Madrid
ORD-1249,2024-10-26 13:02:00,CUST-278,Ropa,Pantalones,2,216.29,432.58,Sevilla
ORD-1250,2024-06-24 13:05:00,CUST-937,Hogar,Espejo,3,133.53,400.59,Madrid
ORD-1251,2024-07-26 05:03:00,CUST-582,Libros,Novela,5,282.62,1413.1,Madrid
ORD-1252,2024-10-08 18:47:00,CUST-794,Deportes,Balón,3,243.29,729.87,Valencia
ORD-1253,2024-11-05 02:48:00,CUST-822,Libros,Biografía,4,199.26,797.04,Málaga
ORD-1254,2024-01-06 04:50:00,CUST-161,Electrónica,Auriculares,4,391.28,1565.12,Málaga
ORD-1255,2024-07-19 19:13:00,CUST-351,Ropa,Gorra,4,128.26,513.04,Málaga
ORD-1256,2024-05-23 19:55:00,CUST-570,Libros,Ensayo,4,336.92,1347.68,Barcelona
ORD-1257,2024-06-17 16:44:00,CUST-916,Electrónica,Smartphone,3,161.1,483.3,Valencia
ORD-1258,2024-12-09 07:56:00,CUST-442,Libros,Poesía,4,353.67,1414.68,Barcelona
ORD-1259,2024-05-14 11:24:00,CUST-774,Electrónica,Smartwatch,5,15.19,75.95,Málaga
ORD-1260,2024-11-29 22:54:00,CUST-409,Deportes,Esterilla,4,497.03,1988.12,Zaragoza
ORD-1261,2024-12-20 15:47:00,CUST-817,Hogar,Cojín,5,361.73,1808.65,Sevilla
ORD-1262,2024-04-27 05:14:00,CUST-615,Hogar,Cafetera,5,209.33,1046.65,Valencia
ORD-1263,2024-04-21 22:41:00,CUST-566,Electrónica,Smartphone,2,388.42,776.84,Zaragoza
ORD-1264,2024-04-19 03:23:00,CUST-299,Electrónica,Tablet,2,154.68,309.36,Valencia
ORD-1265,2024-06-28 03:06:00,CUST-327,Hogar,Espejo,5,341.02,1705.1,Barcelona
ORD-1266,2025-01-13 07:07:00,CUST-578,Electrónica,Tablet,3,55.43,166.29,Zaragoza
ORD-1267,2024-08-17 12:52:00,CUST-841,Libros,Ensayo,5,38.91,194.55,Valencia
ORD-1268,2024-07-26 12:00:00,CUST-485,Deportes,Balón,4,142.22,568.88,Valencia
ORD-1269,2024-09-23 16:12:00,CUST-543,Libros,Poesía,3,109.41,328.23,Barcelona
ORD-1270,2024-01-04 11:47:00,CUST-690,Ropa,Gorra,5,261.37,1306.85,Barcelona
ORD-1271,2024-04-03 07:57:00,CUST-118,Deportes,Bicicleta,2,304.18,608.36,Málaga
ORD-1272,2024-03-21 17:43:00,CUST-869,Libros,Ensayo,4,225.57,902.28,Valencia
ORD-1273,2024-04-03 00:03:00,CUST-918,Libros,Ensayo,1,329.34,329.34,Barcelona
ORD-1274,2024-06-21 01:25:00,CUST-471,Electrónica,Laptop,1,188.69,188.69,Valencia
ORD-1275,2024-06-20 16:52:00,CUST-875,Hogar,Cojín,2,48.14,96.28,Sevilla
ORD-1276,2024-05-26 07:12:00,CUST-864,Deportes,Raqueta,5,323.83,1619.15,Sevilla
ORD-1277,2024-01-21 02:16:00,CUST-949,Ropa,Pantalones,4,496.77,1987.08,Sevilla
ORD-1278,2024-09-20 00:15:00,CUST-665,Deportes,Mancuerna,5,202.79,1013.95,Madrid
ORD-1279,2025-01-16 23:08:00,CUST-353,Electrónica,Smartphone,5,431.0,2155.0,Valencia
ORD-1280,2024-10-06 16:49:00,CUST-672,Electrónica,Smartwatch,1,86.1,86.1,Madrid
ORD-1281,2024-03-16 05:52:00,CUST-199,Deportes,Esterilla,2,170.65,341.3,Valencia
ORD-1282,2024-03-24 11:27:00,CUST-560,Libros,Cómic,4,374.02,1496.08,Sevilla
ORD-1283,2024-11-22 19:10:00,CUST-605,Libros,Poesía,4,228.9,915.6,Málaga
ORD-1284,2024-10-08 03:48:00,CUST-253,Libros,Ensayo,2,397.81,795.62,Zaragoza
ORD-1285,2024-01-10 11:41:00,CUST-110,Libros,Novela,1,209.24,209.24,Madrid
ORD-1286,2024-10-25 19:55:00,CUST-248,Ropa,Chaqueta,3,16.11,48.33,Barcelona
ORD-1287,2024-03-09 19:37:00,CUST-807,Hogar,Espejo,5,322.41,1612.05,Zaragoza
ORD-1288,2025-01-09 01:17:00,CUST-944,Ropa,Chaqueta,2,25.96,51.92,Málaga
ORD-1289,2024-09-20 03:30:00,CUST-357,Hogar,Sartén,5,136.48,682.4,Málaga
ORD-1290,2024-11-26 00:36:00,CUST-415,Hogar,Lámpara,3,177.92,533.76,Zaragoza
ORD-1291,2024-06-18 00:37:00,CUST-570,Libros,Poesía,4,347.08,1388.32,Zaragoza
ORD-1292,2024-11-15 16:32:00,CUST-993,Ropa,Chaqueta,5,435.92,2179.6,Zaragoza
ORD-1293,2024-01-15 01:55:00,CUST-660,Hogar,Sartén,4,297.27,1189.08,Málaga
ORD-1294,2024-03-12 08:22:00,CUST-254,Hogar,Sartén,5,416.89,2084.45,Barcelona
ORD-1295,2024-01-02 07:10:00,CUST-622,Libros,Poesía,5,416.59,2082.95,Valencia
ORD-1296,2024-04-13 07:50:00,CUST-506,Hogar,Cafetera,5,299.48,1497.4,Málaga
ORD-1297,2024-04-16 20:27:00,CUST-252,Hogar,Cafetera,4,497.15,1988.6,Zaragoza
ORD-1298,2024-02-07 03:14:00,CUST-987,Electrónica,Laptop,4,40.96,163.84,Madrid
ORD-1299,2024-10-30 16:26:00,CUST-358,Electrónica,Tablet,4,447.25,1789.0,Sevilla
ORD-1300,2024-04-09 22:09:00,CUST-213,Hogar,Sartén,5,94.28,471.4,Valencia
ORD-1301,2024-06-11 10:16:00,CUST-446,Electrónica,Smartphone,2,412.53,825.06,Sevilla
ORD-1302,2024-05-10 20:32:00,CUST-758,Hogar,Cafetera,2,342.56,685.12,Madrid
ORD-1303,2024-04-27 06:24:00,CUST-635,Hogar,Cafetera,4,463.74,1854.96,Barcelona
ORD-1304,2024-10-22 14:03:00,CUST-455,Deportes,Esterilla,5,53.88,269.4,Madrid
ORD-1305,2024-01-21 04:57:00,CUST-794,Libros,Ensayo,4,365.28,1461.12,Sevilla
ORD-1306,2024-04-25 11:29:00,CUST-513,Deportes,Bicicleta,1,145.13,145.13,Sevilla
ORD-1307,2024-01-25 07:20:00,CUST-210,Libros,Novela,3,484.46,1453.38,Zaragoza
ORD-1308,2024-05-24 15:25:00,CUST-775,Libros,Biografía,5,99.12,495.6,Zaragoza
ORD-1309,2024-08-28 19:14:00,CUST-226,Hogar,Cojín,2,32.42,64.84,Valencia
ORD-1310,2024-11-04 07:54:00,CUST-157,Deportes,Mancuerna,3,431.9,1295.7,Valencia
ORD-1311,2024-05-02 21:33:00,CUST-871,Hogar,Lámpara,2,348.73,697.46,Madrid
ORD-1312,2024-03-12 07:45:00,CUST-842,Electrónica,Tablet,4,408.96,1635.84,Valencia
ORD-1313,2024-06-18 17:37:00,CUST-953,Ropa,Camiseta,3,242.29,726.87,Madrid
ORD-1314,2024-02-28 04:46:00,CUST-209,Hogar,Espejo,2,213.24,426.48,Zaragoza
ORD-1315,2024-03-31 15:21:00,CUST-734,Libros,Cómic,3,455.89,1367.67,Barcelona
ORD-1316,2024-08-30 03:51:00,CUST-131,Libros,Novela,4,420.13,1680.52,Málaga
ORD-1317,2024-04-27 03:05:00,CUST-724,Ropa,Gorra,4,154.92,619.68,Barcelona
ORD-1318,2024-12-29 08:51:00,CUST-192,Deportes,Mancuerna,3,12.26,36.78,Málaga
ORD-1319,2024-09-28 00:23:00,CUST-786,Libros,Poesía,4,46.48,185.92,Madrid
ORD-1320,2024-02-21 13:16:00,CUST-419,Hogar,Cafetera,4,324.83,1299.32,Barcelona
ORD-1321,2024-09-20 19:25:00,CUST-145,Ropa,Gorra,3,453.62,1360.86,Valencia
ORD-1322,2024-12-05 09:47:00,CUST-286,Hogar,Lámpara,5,285.79,1428.95,Valencia
ORD-1323,2024-03-09 00:46:00,CUST-501,Electrónica,Auriculares,5,54.24,271.2,Valencia
ORD-1324,2024-03-07 13:44:00,CUST-513,Ropa,Zapatillas,5,388.46,1942.3,Zaragoza
ORD-1325,2024-04-03 09:54:00,CUST-321,Deportes,Mancuerna,5,67.53,337.65,Zaragoza
ORD-1326,2024-10-09 11:46:00,CUST-628,Hogar,Sartén,5,373.19,1865.95,Valencia
ORD-1327,2024-05-20 11:00:00,CUST-774,Deportes,Mancuerna,3,461.95,1385.85,Zaragoza
ORD-1328,2024-01-03 10:57:00,CUST-541,Deportes,Raqueta,3,80.02,240.06,Málaga
ORD-1329,2024-09-28 03:00:00,CUST-327,Electrónica,Smartwatch,2,288.34,576.68,Sevilla
ORD-1330,2024-04-05 07:12:00,CUST-215,Hogar,Lámpara,3,289.58,868.74,Barcelona
ORD-1331,2024-06-11 18:10:00,CUST-575,Hogar,Cafetera,3,424.85,1274.55,Madrid
ORD-1332,2024-05-11 22:57:00,CUST-569,Electrónica,Tablet,1,281.63,281.63,Valencia
ORD-1333,2024-03-04 21:21:00,CUST-760,Deportes,Mancuerna,5,314.15,1570.75,Sevilla
ORD-1334,2025-01-23 18:41:00,CUST-980,Ropa,Chaqueta,4,246.83,987.32,Madrid
ORD-1335,2024-08-05 20:06:00,CUST-752,Ropa,Chaqueta,4,341.52,1366.08,Madrid
ORD-1336,2024-03-10 13:19:00,CUST-810,Electrónica,Auriculares,5,365.02,1825.1,Málaga
ORD-1337,2024-04-03 12:02:00,CUST-661,Hogar,Cafetera,3,347.25,1041.75,Sevilla
ORD-1338,2024-10-29 20:14:00,CUST-545,Libros,Cómic,3,289.49,868.47,Málaga
ORD-1339,2024-12-11 18:47:00,CUST-250,Hogar,Espejo,2,460.56,921.12,Barcelona
ORD-1340,2024-05-18 04:28:00,CUST-354,Deportes,Balón,3,287.11,861.33,Málaga
ORD-1341,2024-11-02 22:40:00,CUST-982,Electrónica,Smartwatch,1,230.11,230.11,Sevilla
ORD-1342,2024-12-24 01:14:00,CUST-989,Hogar,Sartén,2,358.5,717.0,Zaragoza
ORD-1343,2024-12-03 13:48:00,CUST-556,Hogar,Sartén,5,460.91,2304.55,Madrid
ORD-1344,2024-03-11 01:36:00,CUST-926,Deportes,Mancuerna,5,323.71,1618.55,Barcelona
ORD-1345,2025-01-19 19:01:00,CUST-654,Deportes,Mancuerna,1,460.36,460.36,Valencia
ORD-1346,2024-05-04 10:16:00,CUST-629,Ropa,Zapatillas,2,385.39,770.78,Barcelona
ORD-1347,2024-03-08 19:01:00,CUST-468,Electrónica,Smartphone,5,138.67,693.35,Sevilla
ORD-1348,2024-10-08 10:00:00,CUST-373,Electrónica,Smartphone,4,34.8,139.2,Madrid
ORD-1349,2024-06-23 23:09:00,CUST-285,Deportes,Balón,3,482.35,1447.05,Barcelona
ORD-1350,2024-01-28 12:46:00,CUST-578,Electrónica,Smartwatch,4,342.39,1369.56,Zaragoza
ORD-1351,2024-10-12 20:51:00,CUST-115,Deportes,Raqueta,5,364.52,1822.6,Barcelona
ORD-1352,2024-06-13 14:01:00,CUST-583,Ropa,Chaqueta,2,436.3,872.6,Sevilla
ORD-1353,2024-01-06 15:04:00,CUST-532,Electrónica,Smartwatch,2,17.0,34.0,Barcelona
ORD-1354,2024-01-08 14:17:00,CUST-526,Electrónica,Tablet,3,41.09,123.27,Valencia
ORD-1355,2024-10-19 14:01:00,CUST-658,Libros,Ensayo,1,314.04,314.04,Sevilla
ORD-1356,2024-07-18 06:27:00,CUST-331,Hogar,Cojín,2,188.51,377.02,Valencia
ORD-1357,2024-04-28 01:51:00,CUST-188,Electrónica,Laptop,3,349.59,1048.77,Valencia
ORD-1358,2024-08-22 01:18:00,CUST-544,Ropa,Pantalones,5,190.93,954.65,Málaga
ORD-1359,2024-02-13 21:05:00,CUST-823,Hogar,Cafetera,1,348.5,348.5,Valencia
ORD-1360,2024-09-21 10:51:00,CUST-244,Ropa,Gorra,4,446.18,1784.72,Valencia
ORD-1361,2024-12-27 00:57:00,CUST-997,Ropa,Pantalones,1,57.34,57.34,Zaragoza
ORD-1362,2024-01-27 10:07:00,CUST-882,Ropa,Zapatillas,5,272.21,1361.05,Málaga
ORD-1363,2024-05-24 04:12:00,CUST-635,Ropa,Pantalones,1,435.34,435.34,Barcelona
ORD-1364,2024-10-25 13:33:00,CUST-555,Hogar,Cafetera,2,415.55,831.1,Madrid
ORD-1365,2024-04-04 04:41:00,CUST-512,Libros,Poesía,3,451.77,1355.31,Barcelona
ORD-1366,2024-09-01 02:51:00,CUST-705,Ropa,Pantalones,4,220.51,882.04,Málaga
ORD-1367,2024-12-10 23:25:00,CUST-684,Electrónica,Auriculares,3,449.58,1348.74,Málaga
ORD-1368,2024-02-20 01:59:00,CUST-913,Ropa,Gorra,5,69.31,346.55,Barcelona
ORD-1369,2024-11-24 01:13:00,CUST-788,Hogar,Sartén,5,318.89,1594.45,Madrid
ORD-1370,2024-12-15 11:03:00,CUST-448,Deportes,Mancuerna,3,334.72,1004.16,Málaga
ORD-1371,2024-07-19 20:22:00,CUST-547,Ropa,Camiseta,5,405.08,2025.4,Málaga
ORD-1372,2024-09-21 13:29:00,CUST-536,Hogar,Espejo,2,362.78,725.56,Barcelona
ORD-1373,2024-02-11 15:22:00,CUST-135,Hogar,Cafetera,3,225.08,675.24,Valencia
ORD-1374,2024-06-27 01:25:00,CUST-437,Libros,Biografía,2,256.19,512.38,Zaragoza
ORD-1375,2024-02-11 06:19:00,CUST-938,Hogar,Cojín,2,162.38,324.76,Valencia
ORD-1376,2024-12-19 13:08:00,CUST-387,Deportes,Raqueta,1,406.55,406.55,Sevilla
ORD-1377,2024-07-22 09:39:00,CUST-667,Deportes,Bicicleta,4,65.96,263.84,Sevilla
ORD-1378,2024-07-29 04:38:00,CUST-915,Deportes,Balón,1,326.92,326.92,Málaga
ORD-1379,2025-01-01 04:44:00,CUST-995,Libros,Poesía,2,210.87,421.74,Valencia
ORD-1380,2024-12-05 14:09:00,CUST-721,Ropa,Chaqueta,1,145.83,145.83,Zaragoza
ORD-1381,2024-07-10 05:10:00,CUST-714,Hogar,Lámpara,2,285.2,570.4,Málaga
ORD-1382,2024-02-03 06:20:00,CUST-506,Deportes,Balón,5,156.93,784.65,Málaga
ORD-1383,2024-05-05 20:43:00,CUST-991,Libros,Cómic,3,297.49,892.47,Málaga
ORD-1384,2024-01-05 19:30:00,CUST-866,Hogar,Lámpara,1,395.8,395.8,Madrid
ORD-1385,2024-02-15 04:11:00,CUST-178,Libros,Poesía,2,318.26,636.52,Barcelona
ORD-1386,2024-12-28 12:32:00,CUST-591,Electrónica,Smartwatch,3,499.78,1499.34,Madrid
ORD-1387,2024-01-09 12:14:00,CUST-914,Hogar,Cafetera,5,171.67,858.35,Málaga
ORD-1388,2024-12-20 07:34:00,CUST-420,Hogar,Cafetera,4,73.09,292.36,Madrid
ORD-1389,2025-02-03 04:20:00,CUST-267,Ropa,Zapatillas,1,206.74,206.74,Málaga
ORD-1390,2024-01-31 17:04:00,CUST-739,Electrónica,Tablet,1,211.61,211.61,Zaragoza
ORD-1391,2025-01-13 08:34:00,CUST-930,Deportes,Bicicleta,3,196.29,588.87,Valencia
ORD-1392,2024-06-19 17:34:00,CUST-519,Libros,Poesía,2,320.46,640.92,Málaga
ORD-1393,2024-07-14 15:54:00,CUST-666,Hogar,Lámpara,3,362.34,1087.02,Sevilla
ORD-1394,2024-11-09 15:04:00,CUST-380,Hogar,Sartén,3,67.24,201.72,Málaga
ORD-1395,2024-02-15 02:43:00,CUST-648,Ropa,Zapatillas,5,487.27,2436.35,Zaragoza
ORD-1396,2024-05-17 19:48:00,CUST-534,Electrónica,Laptop,3,455.26,1365.78,Zaragoza
ORD-1397,2024-02-18 11:32:00,CUST-637,Electrónica,Smartphone,4,378.09,1512.36,Valencia
ORD-1398,2024-11-19 02:02:00,CUST-120,Hogar,Sartén,4,338.4,1353.6,Madrid
ORD-1399,2024-05-23 01:04:00,CUST-977,Libros,Biografía,5,184.99,924.95,Madrid
ORD-1400,2024-11-17 08:21:00,CUST-619,Electrónica,Tablet,2,73.5,147.0,Málaga
ORD-1401,2024-06-05 00:47:00,CUST-725,Libros,Ensayo,4,215.88,863.52,Málaga
ORD-1402,2024-01-26 02:21:00,CUST-727,Hogar,Cojín,3,369.69,1109.07,Madrid
ORD-1403,2024-12-13 10:11:00,CUST-703,Electrónica,Tablet,1,408.81,408.81,Málaga
ORD-1404,2024-03-07 18:19:00,CUST-104,Electrónica,Tablet,2,40.63,81.26,Valencia
ORD-1405,2024-04-08 14:00:00,CUST-327,Hogar,Sartén,4,460.79,1843.16,Sevilla
ORD-1406,2024-12-20 16:46:00,CUST-117,Hogar,Lámpara,1,346.38,346.38,Valencia
ORD-1407,2024-09-11 13:40:00,CUST-461,Deportes,Esterilla,2,253.79,507.58,Sevilla
ORD-1408,2024-09-28 10:17:00,CUST-626,Ropa,Chaqueta,4,157.85,631.4,Valencia
ORD-1409,2025-01-03 08:38:00,CUST-329,Hogar,Sartén,4,96.8,387.2,Málaga
ORD-1410,2024-05-16 00:55:00,CUST-334,Deportes,Mancuerna,1,60.93,60.93,Barcelona
ORD-1411,2024-09-28 18:11:00,CUST-835,Ropa,Zapatillas,1,240.77,240.77,Sevilla
ORD-1412,2024-01-19 09:09:00,CUST-474,Libros,Biografía,4,376.66,1506.64,Valencia
ORD-1413,2024-03-20 12:27:00,CUST-395,Hogar,Cafetera,1,95.74,95.74,Zaragoza
ORD-1414,2025-01-22 06:20:00,CUST-989,Hogar,Lámpara,1,100.21,100.21,Málaga
ORD-1415,2024-03-30 20:30:00,CUST-285,Electrónica,Smartphone,2,85.61,171.22,Madrid
ORD-1416,2024-03-05 13:02:00,CUST-563,Ropa,Camiseta,2,192.16,384.32,Valencia
ORD-1417,2024-08-14 14:08:00,CUST-766,Electrónica,Smartwatch,2,99.66,199.32,Zaragoza
ORD-1418,2024-03-31 02:59:00,CUST-138,Electrónica,Laptop,2,325.12,650.24,Valencia
ORD-1419,2024-12-15 14:28:00,CUST-666,Hogar,Sartén,4,252.92,1011.68,Zaragoza
ORD-1420,2024-03-14 15:06:00,CUST-982,Electrónica,Tablet,4,24.26,97.04,Sevilla
ORD-1421,2024-09-23 08:11:00,CUST-439,Deportes,Bicicleta,3,440.62,1321.86,Madrid
ORD-1422,2024-07-12 23:56:00,CUST-924,Hogar,Cojín,1,39.58,39.58,Málaga
ORD-1423,2024-02-21 20:20:00,CUST-931,Libros,Poesía,1,211.19,211.19,Barcelona
ORD-1424,2024-07-07 11:42:00,CUST-971,Deportes,Raqueta,1,156.85,156.85,Madrid
ORD-1425,2024-04-24 22:12:00,CUST-555,Hogar,Cojín,1,282.91,282.91,Zaragoza
ORD-1426,2025-02-03 01:53:00,CUST-608,Electrónica,Smartphone,3,248.2,744.6,Sevilla
ORD-1427,2024-10-14 15:41:00,CUST-708,Deportes,Bicicleta,2,451.98,903.96,Barcelona
ORD-1428,2024-11-25 04:43:00,CUST-255,Ropa,Zapatillas,2,468.44,936.88,Sevilla
ORD-1429,2025-01-26 13:56:00,CUST-174,Deportes,Mancuerna,5,350.62,1753.1,Barcelona
ORD-1430,2024-08-12 21:06:00,CUST-974,Hogar,Cojín,4,130.06,520.24,Valencia
ORD-1431,2024-01-22 01:44:00,CUST-382,Hogar,Sartén,1,413.74,413.74,Madrid
ORD-1432,2024-05-16 11:57:00,CUST-316,Electrónica,Smartphone,5,17.09,85.45,Málaga
ORD-1433,2024-02-20 18:11:00,CUST-390,Hogar,Sartén,2,263.59,527.18,Madrid
ORD-1434,2024-09-25 19:20:00,CUST-807,Ropa,Camiseta,1,33.87,33.87,Madrid
ORD-1435,2024-05-14 22:32:00,CUST-745,Deportes,Raqueta,1,72.04,72.04,Valencia
ORD-1436,2024-02-27 07:49:00,CUST-225,Deportes,Balón,5,438.73,2193.65,Barcelona
ORD-1437,2025-01-17 13:05:00,CUST-751,Ropa,Pantalones,3,483.59,1450.77,Zaragoza
ORD-1438,2024-12-19 17:01:00,CUST-737,Deportes,Raqueta,1,349.56,349.56,Barcelona
ORD-1439,2024-05-22 05:56:00,CUST-414,Deportes,Balón,3,80.17,240.51,Barcelona
ORD-1440,2024-03-17 21:50:00,CUST-118,Libros,Ensayo,1,379.21,379.21,Madrid
ORD-1441,2024-06-21 10:09:00,CUST-555,Hogar,Lámpara,4,237.4,949.6,Madrid
ORD-1442,2024-08-30 20:01:00,CUST-751,Libros,Biografía,3,319.36,958.08,Málaga
ORD-1443,2024-03-19 15:47:00,CUST-988,Hogar,Cafetera,5,493.26,2466.3,Sevilla
ORD-1444,2024-09-20 12:26:00,CUST-148,Electrónica,Auriculares,5,359.39,1796.95,Valencia
ORD-1445,2024-12-14 10:49:00,CUST-663,Electrónica,Tablet,2,71.98,143.96,Madrid
ORD-1446,2024-10-23 01:45:00,CUST-384,Ropa,Gorra,3,410.48,1231.44,Madrid
ORD-1447,2024-11-18 10:46:00,CUST-471,Deportes,Mancuerna,2,187.77,375.54,Madrid
ORD-1448,2024-08-07 17:05:00,CUST-607,Electrónica,Auriculares,4,324.87,1299.48,Valencia
ORD-1449,2025-01-04 05:30:00,CUST-316,Ropa,Zapatillas,2,30.7,61.4,Zaragoza
ORD-1450,2024-10-10 11:19:00,CUST-759,Libros,Poesía,2,173.95,347.9,Zaragoza
ORD-1451,2024-01-04 06:20:00,CUST-184,Ropa,Gorra,4,81.22,324.88,Madrid
ORD-1452,2024-02-12 18:06:00,CUST-793,Electrónica,Smartphone,1,185.37,185.37,Zaragoza
ORD-1453,2024-06-03 05:51:00,CUST-728,Hogar,Sartén,4,393.41,1573.64,Madrid
ORD-1454,2024-10-05 18:55:00,CUST-851,Hogar,Cojín,3,448.55,1345.65,Valencia
ORD-1455,2024-08-25 21:27:00,CUST-810,Libros,Novela,5,145.09,725.45,Madrid
ORD-1456,2024-05-13 22:50:00,CUST-282,Deportes,Bicicleta,4,219.31,877.24,Barcelona
ORD-1457,2024-11-19 22:28:00,CUST-243,Libros,Novela,3,272.18,816.54,Madrid
ORD-1458,2024-12-12 20:34:00,CUST-917,Deportes,Raqueta,1,373.26,373.26,Zaragoza
ORD-1459,2024-07-06 10:24:00,CUST-280,Hogar,Cojín,3,323.84,971.52,Málaga
ORD-1460,2024-07-17 22:50:00,CUST-834,Hogar,Espejo,2,347.57,695.14,Barcelona
ORD-1461,2024-05-05 12:40:00,CUST-251,Ropa,Chaqueta,1,189.34,189.34,Málaga
ORD-1462,2024-08-09 21:14:00,CUST-937,Electrónica,Auriculares,5,493.36,2466.8,Madrid
ORD-1463,2024-11-02 16:29:00,CUST-180,Deportes,Balón,3,147.93,443.79,Málaga
ORD-1464,2024-09-24 23:09:00,CUST-223,Libros,Ensayo,5,287.92,1439.6,Málaga
ORD-1465,2024-12-20 18:10:00,CUST-754,Ropa,Zapatillas,5,402.38,2011.9,Zaragoza
ORD-1466,2024-03-14 09:26:00,CUST-741,Libros,Poesía,2,174.43,348.86,Sevilla
ORD-1467,2025-01-31 21:18:00,CUST-591,Electrónica,Laptop,1,313.12,313.12,Sevilla
ORD-1468,2024-09-27 21:41:00,CUST-456,Deportes,Bicicleta,1,277.13,277.13,Sevilla
ORD-1469,2024-10-06 23:41:00,CUST-212,Electrónica,Smartwatch,3,125.66,376.98,Valencia
ORD-1470,2024-10-28 11:40:00,CUST-542,Deportes,Raqueta,4,137.44,549.76,Málaga
ORD-1471,2024-03-12 03:46:00,CUST-532,Deportes,Bicicleta,1,376.69,376.69,Málaga
ORD-1472,2024-02-07 18:06:00,CUST-821,Ropa,Pantalones,5,434.51,2172.55,Valencia
ORD-1473,2024-03-08 22:04:00,CUST-137,Deportes,Balón,5,453.86,2269.3,Madrid
ORD-1474,2024-05-20 16:42:00,CUST-596,Electrónica,Smartphone,1,370.4,370.4,Madrid
ORD-1475,2024-08-20 20:43:00,CUST-188,Ropa,Pantalones,3,86.36,259.08,Madrid
ORD-1476,2024-07-23 22:05:00,CUST-630,Libros,Cómic,1,251.0,251.0,Barcelona
ORD-1477,2025-01-25 12:33:00,CUST-337,Deportes,Esterilla,5,267.7,1338.5,Sevilla
ORD-1478,2024-01-04 23:33:00,CUST-265,Hogar,Cojín,1,202.17,202.17,Valencia
ORD-1479,2024-05-02 18:30:00,CUST-806,Hogar,Cafetera,3,12.13,36.39,Madrid
ORD-1480,2024-02-24 14:06:00,CUST-255,Deportes,Balón,5,374.36,1871.8,Málaga
ORD-1481,2024-03-26 08:12:00,CUST-897,Deportes,Balón,4,393.07,1572.28,Barcelona
ORD-1482,2024-02-17 11:33:00,CUST-563,Libros,Novela,5,489.6,2448.0,Sevilla
ORD-1483,2024-07-29 06:14:00,CUST-515,Deportes,Esterilla,2,87.28,174.56,Barcelona
ORD-1484,2024-03-10 20:19:00,CUST-362,Electrónica,Tablet,2,279.45,558.9,Zaragoza
ORD-1485,2024-12-26 23:18:00,CUST-604,Ropa,Zapatillas,5,137.42,687.1,Madrid
ORD-1486,2024-02-01 18:10:00,CUST-833,Electrónica,Tablet,1,340.26,340.26,Zaragoza
ORD-1487,2024-03-24 21:56:00,CUST-272,Ropa,Gorra,5,39.0,195.0,Valencia
ORD-1488,2024-01-01 05:55:00,CUST-404,Electrónica,Auriculares,5,118.34,591.7,Valencia
ORD-1489,2024-04-10 08:32:00,CUST-210,Hogar,Espejo,1,250.44,250.44,Málaga
ORD-1490,2024-10-12 15:48:00,CUST-873,Electrónica,Laptop,3,120.38,361.14,Madrid
ORD-1491,2024-05-05 12:42:00,CUST-185,Electrónica,Laptop,4,129.03,516.12,Barcelona
ORD-1492,2024-11-28 00:13:00,CUST-446,Electrónica,Tablet,1,111.5,111.5,Zaragoza
ORD-1493,2024-09-17 23:34:00,CUST-674,Hogar,Espejo,5,336.47,1682.35,Valencia
ORD-1494,2024-06-10 11:11:00,CUST-672,Hogar,Lámpara,4,477.02,1908.08,Zaragoza
ORD-1495,2024-12-18 06:30:00,CUST-723,Libros,Cómic,3,492.49,1477.47,Valencia
ORD-1496,2024-01-22 10:54:00,CUST-221,Electrónica,Tablet,1,361.34,361.34,Barcelona
ORD-1497,2024-03-26 16:50:00,CUST-118,Electrónica,Auriculares,3,162.88,488.64,Málaga
ORD-1498,2024-09-16 10:23:00,CUST-422,Hogar,Sartén,5,31.09,155.45,Sevilla
ORD-1499,2025-01-20 15:34:00,CUST-188,Deportes,Balón,3,358.42,1075.26,Valencia
ORD-1500,2024-11-05 18:59:00,CUST-503,Libros,Ensayo,4,37.23,148.92,Zaragoza
ORD-1501,2024-05-12 22:16:00,CUST-400,Ropa,Chaqueta,1,95.2,95.2,Barcelona
ORD-1502,2024-12-24 23:30:00,CUST-848,Libros,Poesía,2,176.86,353.72,Zaragoza
ORD-1503,2024-07-09 12:13:00,CUST-299,Libros,Ensayo,3,430.64,1291.92,Sevilla
ORD-1504,2024-05-18 08:59:00,CUST-910,Deportes,Mancuerna,4,208.51,834.04,Valencia
ORD-1505,2024-03-05 14:56:00,CUST-612,Ropa,Pantalones,5,494.92,2474.6,Valencia
ORD-1506,2024-01-03 14:41:00,CUST-892,Electrónica,Tablet,1,296.48,296.48,Málaga
ORD-1507,2024-12-18 09:58:00,CUST-879,Libros,Poesía,1,469.07,469.07,Valencia
ORD-1508,2024-04-23 00:09:00,CUST-810,Libros,Biografía,5,379.86,1899.3,Madrid
ORD-1509,2024-08-07 16:32:00,CUST-709,Ropa,Pantalones,2,239.21,478.42,Zaragoza
ORD-1510,2024-04-19 03:53:00,CUST-553,Ropa,Zapatillas,2,168.94,337.88,Madrid
ORD-1511,2024-02-24 03:09:00,CUST-365,Electrónica,Tablet,2,59.88,119.76,Barcelona
ORD-1512,2024-10-14 18:19:00,CUST-992,Deportes,Raqueta,3,17.07,51.21,Madrid
ORD-1513,2024-02-20 06:56:00,CUST-239,Electrónica,Laptop,2,33.98,67.96,Madrid
ORD-1514,2024-06-08 08:45:00,CUST-512,Ropa,Camiseta,3,128.4,385.2,Madrid
ORD-1515,2024-06-14 12:51:00,CUST-463,Ropa,Zapatillas,3,485.37,1456.11,Barcelona
ORD-1516,2024-02-05 13:23:00,CUST-637,Libros,Novela,4,11.39,45.56,Barcelona
ORD-1517,2024-01-01 20:41:00,CUST-985,Electrónica,Smartphone,4,265.1,1060.4,Madrid
ORD-1518,2024-01-24 22:29:00,CUST-778,Ropa,Gorra,4,269.41,1077.64,Barcelona
ORD-1519,2024-07-14 11:02:00,CUST-850,Electrónica,Tablet,4,300.52,1202.08,Zaragoza
ORD-1520,2024-05-16 22:53:00,CUST-460,Ropa,Gorra,1,172.82,172.82,Málaga
ORD-1521,2024-08-27 00:26:00,CUST-298,Electrónica,Smartwatch,5,37.88,189.4,Málaga
ORD-1522,2024-07-13 18:53:00,CUST-618,Deportes,Raqueta,1,456.46,456.46,Málaga
ORD-1523,2024-01-09 05:56:00,CUST-494,Electrónica,Smartwatch,2,124.08,248.16,Barcelona
ORD-1524,2024-09-26 03:46:00,CUST-304,Ropa,Gorra,4,136.87,547.48,Valencia
ORD-1525,2024-11-13 04:26:00,CUST-315,Libros,Novela,4,487.39,1949.56,Madrid
ORD-1526,2024-09-16 21:49:00,CUST-715,Electrónica,Auriculares,4,182.49,729.96,Zaragoza
ORD-1527,2024-05-05 23:09:00,CUST-865,Electrónica,Smartwatch,5,370.26,1851.3,Valencia
ORD-1528,2024-03-27 05:32:00,CUST-188,Hogar,Espejo,3,343.88,1031.64,Málaga
ORD-1529,2024-06-10 15:11:00,CUST-461,Libros,Biografía,1,172.43,172.43,Valencia
ORD-1530,2024-06-02 21:04:00,CUST-924,Electrónica,Smartwatch,3,223.69,671.07,Madrid
ORD-1531,2025-01-30 02:00:00,CUST-556,Electrónica,Smartwatch,5,76.05,380.25,Valencia
ORD-1532,2025-01-13 16:34:00,CUST-151,Electrónica,Smartwatch,1,355.68,355.68,Sevilla
ORD-1533,2024-01-10 22:34:00,CUST-328,Ropa,Camiseta,3,285.68,857.04,Madrid
ORD-1534,2024-03-26 04:10:00,CUST-717,Ropa,Chaqueta,5,309.3,1546.5,Sevilla
ORD-1535,2024-06-21 15:31:00,CUST-741,Deportes,Balón,3,378.57,1135.71,Málaga
ORD-1536,2024-09-25 09:01:00,CUST-694,Hogar,Cafetera,1,189.71,189.71,Barcelona
ORD-1537,2025-01-07 15:28:00,CUST-431,Ropa,Camiseta,2,472.63,945.26,Sevilla
ORD-1538,2024-07-20 15:01:00,CUST-754,Hogar,Lámpara,5,336.4,1682.0,Barcelona
ORD-1539,2024-04-20 17:38:00,CUST-601,Deportes,Raqueta,4,387.27,1549.08,Valencia
ORD-1540,2024-07-24 19:52:00,CUST-500,Deportes,Raqueta,1,129.88,129.88,Zaragoza
ORD-1541,2024-10-08 19:10:00,CUST-949,Deportes,Balón,2,76.21,152.42,Málaga
ORD-1542,2024-04-05 03:22:00,CUST-259,Libros,Poesía,5,247.38,1236.9,Sevilla
ORD-1543,2024-02-27 11:40:00,CUST-324,Hogar,Cafetera,3,349.6,1048.8,Zaragoza
ORD-1544,2024-03-16 18:57:00,CUST-222,Deportes,Balón,4,408.05,1632.2,Zaragoza
ORD-1545,2024-02-17 05:42:00,CUST-163,Ropa,Gorra,5,181.4,907.0,Barcelona
ORD-1546,2024-08-09 05:57:00,CUST-970,Ropa,Gorra,5,315.41,1577.05,Madrid
ORD-1547,2024-07-01 04:18:00,CUST-790,Deportes,Mancuerna,3,466.57,1399.71,Madrid
ORD-1548,2024-03-21 23:45:00,CUST-102,Libros,Ensayo,5,476.99,2384.95,Madrid
ORD-1549,2025-01-13 15:15:00,CUST-449,Hogar,Cojín,2,217.08,434.16,Madrid
ORD-1550,2024-05-06 13:28:00,CUST-648,Hogar,Sartén,3,495.87,1487.61,Valencia
ORD-1551,2024-01-23 16:33:00,CUST-454,Electrónica,Smartwatch,2,260.56,521.12,Zaragoza
ORD-1552,2024-05-05 18:14:00,CUST-853,Libros,Poesía,2,108.29,216.58,Málaga
ORD-1553,2024-02-20 00:06:00,CUST-525,Deportes,Esterilla,1,274.38,274.38,Valencia
ORD-1554,2024-09-15 08:29:00,CUST-760,Electrónica,Smartphone,3,209.56,628.68,Valencia
ORD-1555,2025-01-06 02:51:00,CUST-700,Hogar,Sartén,2,447.74,895.48,Sevilla
ORD-1556,2024-02-16 20:43:00,CUST-676,Deportes,Balón,1,232.65,232.65,Madrid
ORD-1557,2024-03-22 03:19:00,CUST-804,Ropa,Zapatillas,4,45.67,182.68,Barcelona
ORD-1558,2024-07-09 16:37:00,CUST-389,Libros,Novela,5,129.15,645.75,Barcelona
ORD-1559,2024-12-15 17:57:00,CUST-154,Electrónica,Tablet,4,453.94,1815.76,Málaga
ORD-1560,2024-01-27 12:41:00,CUST-993,Hogar,Lámpara,3,265.07,795.21,Valencia
ORD-1561,2024-10-28 12:24:00,CUST-610,Hogar,Sartén,1,457.19,457.19,Sevilla
ORD-1562,2024-04-21 07:49:00,CUST-535,Electrónica,Smartwatch,1,439.87,439.87,Madrid
ORD-1563,2024-01-03 04:22:00,CUST-645,Ropa,Pantalones,3,403.02,1209.06,Madrid
ORD-1564,2024-11-28 22:36:00,CUST-401,Hogar,Sartén,4,292.68,1170.72,Valencia
ORD-1565,2025-01-20 22:19:00,CUST-880,Hogar,Cojín,5,119.35,596.75,Barcelona
ORD-1566,2024-03-08 06:46:00,CUST-536,Ropa,Pantalones,5,322.08,1610.4,Málaga
ORD-1567,2024-05-16 07:14:00,CUST-454,Deportes,Balón,5,206.88,1034.4,Zaragoza
ORD-1568,2024-08-26 00:22:00,CUST-695,Electrónica,Smartphone,1,55.15,55.15,Madrid
ORD-1569,2024-11-27 11:26:00,CUST-506,Deportes,Raqueta,3,418.09,1254.27,Málaga
ORD-1570,2024-09-02 08:25:00,CUST-310,Ropa,Chaqueta,2,82.64,165.28,Zaragoza
ORD-1571,2024-07-04 15:57:00,CUST-625,Hogar,Sartén,4,455.22,1820.88,Barcelona
ORD-1572,2024-06-25 20:36:00,CUST-326,Electrónica,Smartwatch,1,324.25,324.25,Madrid
ORD-1573,2024-08-09 17:41:00,CUST-651,Ropa,Camiseta,2,44.81,89.62,Madrid
ORD-1574,2024-04-01 18:16:00,CUST-685,Electrónica,Tablet,5,94.78,473.9,Zaragoza
ORD-1575,2024-05-04 18:59:00,CUST-638,Hogar,Espejo,2,273.73,547.46,Valencia
ORD-1576,2024-02-13 17:10:00,CUST-565,Deportes,Esterilla,3,393.32,1179.96,Málaga
ORD-1577,2025-01-31 04:40:00,CUST-682,Libros,Biografía,3,318.67,956.01,Málaga
ORD-1578,2024-10-22 00:39:00,CUST-561,Ropa,Camiseta,4,63.52,254.08,Barcelona
ORD-1579,2024-12-23 23:50:00,CUST-870,Hogar,Cojín,3,271.81,815.43,Málaga
ORD-1580,2024-01-29 07:02:00,CUST-199,Libros,Ensayo,1,178.21,178.21,Málaga
ORD-1581,2024-12-04 15:16:00,CUST-668,Ropa,Zapatillas,3,135.09,405.27,Barcelona
ORD-1582,2024-10-12 18:37:00,CUST-513,Electrónica,Laptop,4,66.78,267.12,Madrid
ORD-1583,2025-01-09 15:49:00,CUST-906,Electrónica,Auriculares,2,318.71,637.42,Zaragoza
ORD-1584,2024-02-03 20:59:00,CUST-821,Deportes,Raqueta,1,136.22,136.22,Valencia
ORD-1585,2024-03-28 09:36:00,CUST-416,Hogar,Lámpara,4,172.31,689.24,Madrid
ORD-1586,2024-07-30 18:06:00,CUST-420,Libros,Ensayo,3,363.62,1090.86,Málaga
ORD-1587,2024-04-29 03:57:00,CUST-456,Libros,Cómic,1,59.2,59.2,Madrid
ORD-1588,2024-09-11 09:31:00,CUST-119,Ropa,Gorra,5,267.58,1337.9,Sevilla
ORD-1589,2024-04-25 23:14:00,CUST-103,Ropa,Pantalones,4,286.49,1145.96,Sevilla
ORD-1590,2024-11-24 02:12:00,CUST-614,Hogar,Lámpara,1,248.68,248.68,Zaragoza
ORD-1591,2024-06-12 13:34:00,CUST-442,Libros,Cómic,5,411.09,2055.45,Sevilla
ORD-1592,2024-10-31 16:09:00,CUST-471,Hogar,Sartén,5,96.22,481.1,Madrid
ORD-1593,2024-04-11 14:24:00,CUST-563,Libros,Novela,4,253.55,1014.2,Málaga
ORD-1594,2024-09-09 04:17:00,CUST-773,Deportes,Esterilla,3,49.53,148.59,Sevilla
ORD-1595,2024-11-25 11:35:00,CUST-795,Electrónica,Auriculares,1,145.94,145.94,Sevilla
ORD-1596,2024-10-19 00:48:00,CUST-888,Electrónica,Auriculares,3,266.43,799.29,Barcelona
ORD-1597,2024-08-30 08:38:00,CUST-500,Deportes,Raqueta,4,269.35,1077.4,Zaragoza
ORD-1598,2024-11-22 22:17:00,CUST-996,Hogar,Cojín,3,400.74,1202.22,Málaga
ORD-1599,2024-04-14 11:23:00,CUST-253,Hogar,Cafetera,5,309.08,1545.4,Málaga
ORD-1600,2024-09-24 05:34:00,CUST-607,Deportes,Esterilla,2,439.59,879.18,Málaga
ORD-1601,2024-01-03 18:45:00,CUST-766,Ropa,Gorra,5,399.8,1999.0,Madrid
ORD-1602,2024-08-27 17:55:00,CUST-138,Electrónica,Smartphone,4,457.3,1829.2,Sevilla
ORD-1603,2024-08-08 03:54:00,CUST-423,Libros,Ensayo,2,430.75,861.5,Sevilla
ORD-1604,2024-01-20 23:39:00,CUST-303,Hogar,Sartén,1,338.08,338.08,Zaragoza
ORD-1605,2024-02-26 00:05:00,CUST-568,Libros,Ensayo,2,169.9,339.8,Madrid
ORD-1606,2024-07-05 00:37:00,CUST-793,Ropa,Gorra,4,476.74,1906.96,Zaragoza
ORD-1607,2024-08-21 22:39:00,CUST-342,Libros,Biografía,4,211.3,845.2,Madrid
ORD-1608,2024-12-21 11:42:00,CUST-893,Deportes,Esterilla,2,389.95,779.9,Málaga
ORD-1609,2024-02-29 07:28:00,CUST-994,Libros,Cómic,4,122.45,489.8,Málaga
ORD-1610,2024-09-20 00:36:00,CUST-713,Deportes,Mancuerna,3,451.92,1355.76,Málaga
ORD-1611,2024-07-25 15:25:00,CUST-305,Libros,Cómic,1,61.02,61.02,Málaga
ORD-1612,2024-12-31 04:10:00,CUST-620,Libros,Novela,5,179.27,896.35,Valencia
ORD-1613,2025-01-11 23:20:00,CUST-491,Electrónica,Smartphone,5,444.24,2221.2,Valencia
ORD-1614,2024-09-20 06:58:00,CUST-934,Deportes,Balón,3,432.03,1296.09,Barcelona
ORD-1615,2024-04-20 00:29:00,CUST-235,Libros,Poesía,5,133.21,666.05,Valencia
ORD-1616,2025-01-01 02:48:00,CUST-595,Deportes,Balón,2,128.74,257.48,Sevilla
ORD-1617,2024-09-22 03:40:00,CUST-762,Libros,Poesía,2,188.31,376.62,Sevilla
ORD-1618,2024-10-19 14:33:00,CUST-954,Electrónica,Laptop,3,416.72,1250.16,Zaragoza
ORD-1619,2024-09-23 15:34:00,CUST-197,Hogar,Espejo,5,402.87,2014.35,Barcelona
ORD-1620,2024-07-06 08:56:00,CUST-970,Deportes,Esterilla,2,106.39,212.78,Valencia
ORD-1621,2024-03-12 04:06:00,CUST-541,Libros,Ensayo,2,13.78,27.56,Valencia
ORD-1622,2024-12-28 04:31:00,CUST-354,Hogar,Espejo,5,339.32,1696.6,Zaragoza
ORD-1623,2024-04-26 22:48:00,CUST-943,Libros,Cómic,2,78.22,156.44,Valencia
ORD-1624,2024-05-04 04:24:00,CUST-913,Libros,Cómic,1,208.61,208.61,Valencia
ORD-1625,2024-08-06 15:39:00,CUST-926,Hogar,Lámpara,2,45.18,90.36,Valencia
ORD-1626,2024-01-30 20:15:00,CUST-751,Ropa,Zapatillas,5,210.25,1051.25,Barcelona
ORD-1627,2024-07-25 18:05:00,CUST-753,Deportes,Mancuerna,2,121.64,243.28,Zaragoza
ORD-1628,2024-02-26 02:22:00,CUST-802,Electrónica,Laptop,4,85.83,343.32,Málaga
ORD-1629,2024-09-01 00:14:00,CUST-720,Hogar,Espejo,3,207.67,623.01,Sevilla
ORD-1630,2024-11-17 18:25:00,CUST-347,Ropa,Camiseta,3,276.6,829.8,Sevilla
ORD-1631,2024-09-19 08:28:00,CUST-115,Ropa,Chaqueta,5,467.45,2337.25,Málaga
ORD-1632,2024-08-07 10:15:00,CUST-619,Ropa,Camiseta,3,295.6,886.8,Sevilla
ORD-1633,2024-09-26 10:53:00,CUST-700,Libros,Cómic,2,125.21,250.42,Valencia
ORD-1634,2024-07-20 03:58:00,CUST-208,Deportes,Mancuerna,3,295.69,887.07,Zaragoza
ORD-1635,2024-09-09 23:31:00,CUST-282,Libros,Biografía,1,336.95,336.95,Madrid
ORD-1636,2024-02-09 11:03:00,CUST-634,Electrónica,Smartphone,2,451.42,902.84,Sevilla
ORD-1637,2024-10-07 18:22:00,CUST-278,Hogar,Espejo,4,453.47,1813.88,Málaga
ORD-1638,2024-11-05 14:04:00,CUST-229,Libros,Novela,5,152.41,762.05,Zaragoza
ORD-1639,2024-10-06 23:51:00,CUST-587,Electrónica,Tablet,5,142.57,712.85,Barcelona
ORD-1640,2024-02-23 17:29:00,CUST-253,Libros,Poesía,2,348.26,696.52,Barcelona
ORD-1641,2024-12-26 06:13:00,CUST-219,Electrónica,Smartwatch,2,371.06,742.12,Barcelona
ORD-1642,2025-01-18 16:32:00,CUST-865,Electrónica,Smartwatch,3,315.11,945.33,Valencia
ORD-1643,2024-07-25 17:55:00,CUST-599,Electrónica,Laptop,4,296.4,1185.6,Málaga
ORD-1644,2024-01-14 15:47:00,CUST-106,Hogar,Sartén,2,336.36,672.72,Valencia
ORD-1645,2024-06-14 03:49:00,CUST-577,Ropa,Gorra,5,481.19,2405.95,Zaragoza
ORD-1646,2024-05-25 09:21:00,CUST-819,Electrónica,Smartwatch,5,205.07,1025.35,Valencia
ORD-1647,2024-06-06 10:48:00,CUST-194,Ropa,Zapatillas,3,404.09,1212.27,Málaga
ORD-1648,2024-09-29 15:44:00,CUST-883,Libros,Poesía,1,80.84,80.84,Valencia
ORD-1649,2024-02-20 22:20:00,CUST-502,Ropa,Camiseta,3,270.36,811.08,Zaragoza
ORD-1650,2024-08-28 16:28:00,CUST-566,Hogar,Cafetera,2,352.94,705.88,Valencia
ORD-1651,2024-06-25 02:20:00,CUST-996,Ropa,Camiseta,5,384.86,1924.3,Sevilla
ORD-1652,2024-11-30 23:41:00,CUST-542,Ropa,Pantalones,5,499.34,2496.7,Málaga
ORD-1653,2024-06-26 19:29:00,CUST-340,Hogar,Lámpara,5,496.1,2480.5,Valencia
ORD-1654,2024-11-29 23:13:00,CUST-637,Libros,Poesía,3,423.14,1269.42,Barcelona
ORD-1655,2024-09-19 05:22:00,CUST-733,Libros,Biografía,2,442.99,885.98,Madrid
ORD-1656,2024-08-19 19:58:00,CUST-483,Deportes,Esterilla,3,158.59,475.77,Málaga
ORD-1657,2024-02-07 14:03:00,CUST-544,Deportes,Mancuerna,1,393.34,393.34,Valencia
ORD-1658,2024-06-11 06:44:00,CUST-369,Deportes,Bicicleta,1,263.64,263.64,Barcelona
ORD-1659,2025-01-29 17:59:00,CUST-305,Electrónica,Laptop,2,325.87,651.74,Barcelona
ORD-1660,2024-12-03 22:33:00,CUST-195,Libros,Ensayo,4,214.98,859.92,Zaragoza
ORD-1661,2024-05-01 01:39:00,CUST-574,Electrónica,Auriculares,2,17.62,35.24,Barcelona
ORD-1662,2024-02-01 17:19:00,CUST-151,Libros,Biografía,3,440.84,1322.52,Madrid
ORD-1663,2024-04-17 18:51:00,CUST-588,Electrónica,Tablet,1,51.64,51.64,Valencia
ORD-1664,2025-01-08 11:17:00,CUST-960,Deportes,Raqueta,3,351.47,1054.41,Zaragoza
ORD-1665,2025-01-18 16:15:00,CUST-455,Electrónica,Auriculares,2,345.53,691.06,Valencia
ORD-1666,2024-12-14 18:01:00,CUST-661,Hogar,Cafetera,5,442.23,2211.15,Valencia
ORD-1667,2024-01-06 02:39:00,CUST-737,Libros,Poesía,3,177.2,531.6,Barcelona
ORD-1668,2024-08-14 17:17:00,CUST-243,Hogar,Cafetera,1,226.54,226.54,Zaragoza
ORD-1669,2024-10-24 19:54:00,CUST-555,Hogar,Cojín,5,225.93,1129.65,Málaga
ORD-1670,2024-10-24 19:50:00,CUST-113,Hogar,Lámpara,4,15.33,61.32,Barcelona
ORD-1671,2024-09-13 16:09:00,CUST-663,Hogar,Espejo,5,150.46,752.3,Barcelona
ORD-1672,2024-01-30 13:21:00,CUST-362,Hogar,Sartén,5,263.29,1316.45,Valencia
ORD-1673,2025-02-01 20:23:00,CUST-126,Deportes,Balón,4,48.93,195.72,Zaragoza
ORD-1674,2024-05-26 23:17:00,CUST-985,Electrónica,Laptop,3,131.17,393.51,Zaragoza
ORD-1675,2024-08-07 11:07:00,CUST-138,Ropa,Zapatillas,2,406.69,813.38,Zaragoza
ORD-1676,2025-01-18 03:22:00,CUST-282,Ropa,Camiseta,5,195.01,975.05,Valencia
ORD-1677,2024-04-26 20:43:00,CUST-894,Ropa,Gorra,5,317.07,1585.35,Valencia
ORD-1678,2024-09-11 23:57:00,CUST-100,Hogar,Cojín,3,160.54,481.62,Zaragoza
ORD-1679,2024-06-20 06:51:00,CUST-212,Deportes,Balón,5,179.43,897.15,Barcelona
ORD-1680,2024-01-23 06:58:00,CUST-301,Libros,Biografía,4,43.92,175.68,Zaragoza
ORD-1681,2024-10-18 16:17:00,CUST-605,Libros,Poesía,3,53.78,161.34,Málaga
ORD-1682,2024-07-08 04:29:00,CUST-348,Hogar,Lámpara,4,48.45,193.8,Málaga
ORD-1683,2024-01-06 20:09:00,CUST-676,Libros,Poesía,5,157.99,789.95,Barcelona
ORD-1684,2024-01-05 02:15:00,CUST-360,Libros,Poesía,3,251.26,753.78,Barcelona
ORD-1685,2024-03-12 22:41:00,CUST-272,Deportes,Mancuerna,2,134.82,269.64,Sevilla
ORD-1686,2024-04-09 05:59:00,CUST-416,Deportes,Bicicleta,1,186.8,186.8,Madrid
ORD-1687,2024-08-07 18:14:00,CUST-249,Deportes,Balón,4,389.2,1556.8,Sevilla
ORD-1688,2025-01-25 00:16:00,CUST-709,Electrónica,Smartwatch,4,188.23,752.92,Málaga
ORD-1689,2024-10-04 02:08:00,CUST-644,Hogar,Lámpara,4,226.67,906.68,Zaragoza
ORD-1690,2024-04-23 05:50:00,CUST-560,Libros,Biografía,5,482.67,2413.35,Zaragoza
ORD-1691,2024-05-27 23:59:00,CUST-370,Libros,Cómic,3,67.15,201.45,Zaragoza
ORD-1692,2024-01-14 17:09:00,CUST-993,Libros,Poesía,2,481.11,962.22,Zaragoza
ORD-1693,2024-05-14 14:09:00,CUST-583,Electrónica,Laptop,1,100.5,100.5,Zaragoza
ORD-1694,2024-03-23 10:10:00,CUST-941,Electrónica,Tablet,3,428.37,1285.11,Valencia
ORD-1695,2024-08-12 07:37:00,CUST-755,Electrónica,Smartwatch,3,368.36,1105.08,Málaga
ORD-1696,2024-10-08 14:28:00,CUST-202,Ropa,Pantalones,1,354.87,354.87,Zaragoza
ORD-1697,2024-11-09 17:26:00,CUST-889,Ropa,Camiseta,1,45.48,45.48,Barcelona
ORD-1698,2024-03-29 15:27:00,CUST-274,Hogar,Lámpara,2,297.08,594.16,Málaga
ORD-1699,2024-03-12 06:56:00,CUST-776,Libros,Novela,5,229.2,1146.0,Sevilla
ORD-1700,2024-07-30 16:10:00,CUST-157,Deportes,Bicicleta,1,253.07,253.07,Sevilla
ORD-1701,2024-05-09 10:23:00,CUST-762,Hogar,Espejo,2,230.52,461.04,Zaragoza
ORD-1702,2024-01-07 22:37:00,CUST-443,Hogar,Cafetera,3,49.84,149.52,Valencia
ORD-1703,2024-10-18 10:22:00,CUST-156,Electrónica,Smartwatch,5,62.74,313.7,Málaga
ORD-1704,2025-02-02 13:12:00,CUST-312,Electrónica,Smartwatch,3,396.49,1189.47,Madrid
ORD-1705,2024-04-21 14:39:00,CUST-373,Ropa,Gorra,4,356.5,1426.0,Valencia
ORD-1706,2024-05-10 07:41:00,CUST-922,Electrónica,Auriculares,5,300.66,1503.3,Barcelona
ORD-1707,2024-01-12 20:38:00,CUST-863,Hogar,Sartén,3,474.73,1424.19,Zaragoza
ORD-1708,2024-03-22 17:14:00,CUST-135,Libros,Poesía,2,365.14,730.28,Valencia
ORD-1709,2024-01-22 04:01:00,CUST-885,Libros,Ensayo,2,33.28,66.56,Valencia
ORD-1710,2024-09-12 07:40:00,CUST-128,Ropa,Pantalones,1,304.11,304.11,Zaragoza
ORD-1711,2024-09-28 02:06:00,CUST-940,Deportes,Raqueta,3,45.08,135.24,Madrid
ORD-1712,2024-06-01 10:38:00,CUST-191,Deportes,Raqueta,4,123.55,494.2,Málaga
ORD-1713,2025-01-02 00:36:00,CUST-430,Deportes,Mancuerna,5,408.45,2042.25,Madrid
ORD-1714,2025-01-21 19:14:00,CUST-386,Libros,Ensayo,4,194.07,776.28,Barcelona
ORD-1715,2024-09-04 10:06:00,CUST-862,Deportes,Raqueta,3,38.18,114.54,Madrid
ORD-1716,2024-03-27 13:13:00,CUST-329,Hogar,Sartén,4,146.24,584.96,Sevilla
ORD-1717,2024-01-17 22:00:00,CUST-417,Hogar,Cojín,5,144.89,724.45,Valencia
ORD-1718,2024-12-31 01:07:00,CUST-196,Libros,Biografía,1,194.52,194.52,Barcelona
ORD-1719,2024-10-15 05:52:00,CUST-882,Deportes,Raqueta,5,468.23,2341.15,Málaga
ORD-1720,2024-10-07 02:48:00,CUST-587,Electrónica,Laptop,3,196.44,589.32,Málaga
ORD-1721,2024-10-06 19:55:00,CUST-849,Ropa,Zapatillas,4,276.43,1105.72,Barcelona
ORD-1722,2024-11-23 08:15:00,CUST-675,Deportes,Mancuerna,4,411.43,1645.72,Madrid
ORD-1723,2024-07-18 06:43:00,CUST-945,Ropa,Pantalones,3,340.22,1020.66,Zaragoza
ORD-1724,2024-10-25 08:54:00,CUST-242,Libros,Biografía,5,369.24,1846.2,Valencia
ORD-1725,2024-05-05 15:31:00,CUST-693,Deportes,Esterilla,3,114.99,344.97,Málaga
ORD-1726,2025-01-06 02:28:00,CUST-854,Ropa,Chaqueta,1,15.01,15.01,Barcelona
ORD-1727,2024-01-27 01:26:00,CUST-971,Libros,Cómic,5,441.97,2209.85,Sevilla
ORD-1728,2024-03-12 08:32:00,CUST-896,Ropa,Zapatillas,4,310.39,1241.56,Barcelona
ORD-1729,2024-05-20 07:20:00,CUST-631,Deportes,Balón,4,261.81,1047.24,Barcelona
ORD-1730,2024-07-02 14:13:00,CUST-850,Electrónica,Smartphone,3,13.8,41.4,Zaragoza
ORD-1731,2024-10-09 05:48:00,CUST-746,Ropa,Gorra,3,383.96,1151.88,Sevilla
ORD-1732,2024-12-19 14:13:00,CUST-302,Libros,Novela,4,69.31,277.24,Valencia
ORD-1733,2024-09-03 23:52:00,CUST-591,Electrónica,Auriculares,4,221.09,884.36,Zaragoza
ORD-1734,2024-05-13 00:58:00,CUST-937,Libros,Biografía,1,306.5,306.5,Sevilla
ORD-1735,2025-01-16 15:06:00,CUST-529,Ropa,Zapatillas,4,358.23,1432.92,Sevilla
ORD-1736,2024-04-22 22:46:00,CUST-950,Hogar,Cojín,1,315.11,315.11,Málaga
ORD-1737,2024-10-29 12:32:00,CUST-331,Deportes,Balón,3,460.74,1382.22,Sevilla
ORD-1738,2024-10-23 09:33:00,CUST-654,Electrónica,Laptop,1,216.96,216.96,Zaragoza
ORD-1739,2025-01-08 14:20:00,CUST-712,Libros,Ensayo,5,97.19,485.95,Valencia
ORD-1740,2024-12-15 04:37:00,CUST-537,Libros,Novela,1,371.93,371.93,Madrid
ORD-1741,2024-06-18 16:57:00,CUST-483,Libros,Novela,5,279.04,1395.2,Málaga
ORD-1742,2024-07-01 06:14:00,CUST-867,Hogar,Sartén,5,114.23,571.15,Madrid
ORD-1743,2024-07-28 00:51:00,CUST-969,Libros,Ensayo,1,34.13,34.13,Sevilla
ORD-1744,2024-09-06 18:44:00,CUST-165,Deportes,Esterilla,1,149.46,149.46,Zaragoza
ORD-1745,2024-09-26 15:20:00,CUST-639,Deportes,Bicicleta,1,230.15,230.15,Sevilla
ORD-1746,2024-05-20 01:29:00,CUST-612,Electrónica,Laptop,3,21.39,64.17,Barcelona
ORD-1747,2024-05-18 06:11:00,CUST-117,Ropa,Zapatillas,5,444.85,2224.25,Sevilla
ORD-1748,2024-11-06 17:14:00,CUST-465,Ropa,Pantalones,5,136.31,681.55,Barcelona
ORD-1749,2024-10-01 14:37:00,CUST-407,Hogar,Lámpara,4,302.03,1208.12,Barcelona
ORD-1750,2024-04-29 06:03:00,CUST-977,Electrónica,Auriculares,5,30.87,154.35,Zaragoza
ORD-1751,2025-01-23 09:59:00,CUST-308,Electrónica,Auriculares,2,145.4,290.8,Málaga
ORD-1752,2024-08-14 17:09:00,CUST-781,Ropa,Pantalones,4,442.42,1769.68,Sevilla
ORD-1753,2024-08-19 18:40:00,CUST-181,Electrónica,Smartphone,5,137.26,686.3,Valencia
ORD-1754,2024-10-28 22:54:00,CUST-839,Ropa,Camiseta,1,210.89,210.89,Málaga
ORD-1755,2024-01-04 18:44:00,CUST-363,Hogar,Cojín,2,86.91,173.82,Barcelona
ORD-1756,2025-01-20 05:35:00,CUST-501,Ropa,Zapatillas,4,263.9,1055.6,Málaga
ORD-1757,2024-03-18 02:59:00,CUST-823,Libros,Poesía,1,96.97,96.97,Barcelona
ORD-1758,2024-02-08 13:45:00,CUST-867,Deportes,Mancuerna,5,34.43,172.15,Valencia
ORD-1759,2024-04-04 18:03:00,CUST-928,Deportes,Balón,3,349.24,1047.72,Valencia
ORD-1760,2024-08-27 07:49:00,CUST-909,Hogar,Cafetera,5,206.13,1030.65,Madrid
ORD-1761,2024-07-04 20:37:00,CUST-154,Deportes,Mancuerna,5,130.8,654.0,Valencia
ORD-1762,2024-11-03 02:14:00,CUST-226,Ropa,Zapatillas,4,298.65,1194.6,Sevilla
ORD-1763,2024-02-15 11:39:00,CUST-459,Libros,Ensayo,1,79.03,79.03,Valencia
ORD-1764,2024-12-31 20:02:00,CUST-360,Hogar,Lámpara,5,448.64,2243.2,Málaga
ORD-1765,2024-09-17 04:58:00,CUST-264,Hogar,Sartén,4,38.97,155.88,Barcelona
ORD-1766,2025-01-22 11:48:00,CUST-587,Electrónica,Smartwatch,2,421.6,843.2,Valencia
ORD-1767,2024-01-22 19:53:00,CUST-226,Deportes,Esterilla,1,363.82,363.82,Valencia
ORD-1768,2024-08-14 04:39:00,CUST-332,Libros,Poesía,4,245.74,982.96,Madrid
ORD-1769,2024-01-15 11:39:00,CUST-899,Hogar,Cafetera,2,138.04,276.08,Zaragoza
ORD-1770,2024-02-13 05:08:00,CUST-292,Electrónica,Auriculares,4,465.71,1862.84,Zaragoza
ORD-1771,2024-10-25 13:43:00,CUST-893,Hogar,Lámpara,3,251.12,753.36,Zaragoza
ORD-1772,2024-04-13 11:10:00,CUST-641,Libros,Poesía,2,259.41,518.82,Málaga
ORD-1773,2024-11-05 09:57:00,CUST-736,Deportes,Bicicleta,1,432.36,432.36,Barcelona
ORD-1774,2024-10-03 03:46:00,CUST-268,Hogar,Sartén,1,138.95,138.95,Barcelona
ORD-1775,2024-05-10 21:08:00,CUST-898,Libros,Biografía,3,64.46,193.38,Sevilla
ORD-1776,2024-01-07 19:32:00,CUST-428,Libros,Novela,3,213.46,640.38,Valencia
ORD-1777,2024-09-18 17:59:00,CUST-664,Deportes,Bicicleta,4,369.65,1478.6,Barcelona
ORD-1778,2024-10-17 19:58:00,CUST-843,Ropa,Pantalones,2,250.68,501.36,Zaragoza
ORD-1779,2024-07-11 09:40:00,CUST-155,Libros,Novela,2,254.09,508.18,Sevilla
ORD-1780,2024-07-28 11:35:00,CUST-236,Deportes,Bicicleta,5,196.21,981.05,Málaga
ORD-1781,2024-07-08 17:25:00,CUST-431,Libros,Ensayo,5,102.82,514.1,Zaragoza
ORD-1782,2024-02-11 05:10:00,CUST-541,Deportes,Bicicleta,5,128.07,640.35,Málaga
ORD-1783,2024-08-28 21:35:00,CUST-288,Electrónica,Smartwatch,5,136.09,680.45,Málaga
ORD-1784,2024-10-02 21:35:00,CUST-256,Deportes,Balón,4,312.37,1249.48,Zaragoza
ORD-1785,2024-05-05 21:50:00,CUST-870,Ropa,Chaqueta,2,53.97,107.94,Zaragoza
ORD-1786,2024-12-16 20:42:00,CUST-994,Libros,Poesía,5,23.13,115.65,Málaga
ORD-1787,2024-05-11 05:15:00,CUST-378,Ropa,Gorra,5,52.94,264.7,Valencia
ORD-1788,2024-07-20 17:19:00,CUST-998,Libros,Poesía,5,25.72,128.6,Barcelona
ORD-1789,2024-06-20 19:40:00,CUST-816,Deportes,Esterilla,2,201.52,403.04,Málaga
ORD-1790,2024-12-24 11:07:00,CUST-377,Electrónica,Tablet,5,191.07,955.35,Sevilla
ORD-1791,2024-03-21 03:15:00,CUST-497,Ropa,Gorra,5,251.77,1258.85,Madrid
ORD-1792,2024-03-13 20:38:00,CUST-262,Libros,Cómic,2,393.31,786.62,Sevilla
ORD-1793,2024-03-16 19:58:00,CUST-815,Hogar,Lámpara,4,103.09,412.36,Sevilla
ORD-1794,2024-03-01 09:55:00,CUST-513,Hogar,Cojín,5,465.1,2325.5,Valencia
ORD-1795,2024-08-08 12:28:00,CUST-698,Hogar,Espejo,2,138.56,277.12,Zaragoza
ORD-1796,2024-09-27 01:21:00,CUST-870,Electrónica,Smartwatch,2,191.7,383.4,Valencia
ORD-1797,2024-03-24 01:34:00,CUST-410,Electrónica,Laptop,4,113.88,455.52,Zaragoza
ORD-1798,2024-07-11 06:30:00,CUST-930,Libros,Novela,3,469.22,1407.66,Málaga
ORD-1799,2024-08-23 07:08:00,CUST-991,Ropa,Zapatillas,2,100.18,200.36,Valencia
ORD-1800,2024-05-14 09:25:00,CUST-778,Libros,Ensayo,5,435.71,2178.55,Barcelona
ORD-1801,2024-01-18 04:09:00,CUST-913,Ropa,Chaqueta,5,41.75,208.75,Barcelona
ORD-1802,2024-12-06 14:59:00,CUST-985,Libros,Biografía,4,157.28,629.12,Valencia
ORD-1803,2025-01-28 10:24:00,CUST-809,Libros,Novela,5,404.47,2022.35,Madrid
ORD-1804,2024-10-11 11:43:00,CUST-923,Hogar,Sartén,2,171.55,343.1,Sevilla
ORD-1805,2024-09-04 07:58:00,CUST-726,Deportes,Mancuerna,2,18.82,37.64,Madrid
ORD-1806,2025-01-06 18:52:00,CUST-814,Electrónica,Tablet,2,331.68,663.36,Zaragoza
ORD-1807,2024-11-20 12:52:00,CUST-120,Hogar,Cojín,2,497.29,994.58,Valencia
ORD-1808,2024-02-24 06:01:00,CUST-483,Electrónica,Smartwatch,3,235.01,705.03,Madrid
ORD-1809,2024-12-07 10:36:00,CUST-658,Hogar,Cafetera,3,309.58,928.74,Zaragoza
ORD-1810,2024-02-14 02:47:00,CUST-100,Libros,Biografía,1,74.65,74.65,Málaga
ORD-1811,2024-09-14 05:21:00,CUST-167,Hogar,Cojín,5,391.95,1959.75,Zaragoza
ORD-1812,2024-11-26 03:51:00,CUST-486,Ropa,Gorra,2,120.83,241.66,Valencia
ORD-1813,2024-07-05 00:05:00,CUST-413,Libros,Poesía,2,80.32,160.64,Madrid
ORD-1814,2024-12-16 16:41:00,CUST-750,Deportes,Bicicleta,2,319.84,639.68,Sevilla
ORD-1815,2024-09-10 17:07:00,CUST-285,Electrónica,Tablet,5,283.64,1418.2,Zaragoza
ORD-1816,2024-06-17 16:28:00,CUST-884,Electrónica,Laptop,5,351.68,1758.4,Zaragoza
ORD-1817,2024-04-25 03:35:00,CUST-951,Deportes,Raqueta,5,52.32,261.6,Málaga
ORD-1818,2024-10-09 17:22:00,CUST-432,Ropa,Camiseta,3,357.02,1071.06,Valencia
ORD-1819,2024-04-08 02:13:00,CUST-117,Libros,Novela,4,442.12,1768.48,Sevilla
ORD-1820,2024-01-17 06:19:00,CUST-785,Ropa,Zapatillas,1,289.72,289.72,Zaragoza
ORD-1821,2024-06-14 22:09:00,CUST-566,Libros,Cómic,5,154.22,771.1,Madrid
ORD-1822,2024-01-02 16:51:00,CUST-680,Deportes,Mancuerna,5,421.36,2106.8,Málaga
ORD-1823,2024-03-22 06:22:00,CUST-457,Hogar,Espejo,5,275.55,1377.75,Valencia
ORD-1824,2024-10-29 04:27:00,CUST-383,Electrónica,Laptop,1,32.59,32.59,Málaga
ORD-1825,2024-04-22 09:35:00,CUST-241,Electrónica,Tablet,3,172.77,518.31,Zaragoza
ORD-1826,2024-08-27 08:25:00,CUST-454,Hogar,Cojín,5,196.34,981.7,Valencia
ORD-1827,2024-06-26 13:08:00,CUST-287,Libros,Ensayo,4,241.98,967.92,Málaga
ORD-1828,2024-06-10 17:05:00,CUST-353,Hogar,Lámpara,3,44.37,133.11,Madrid
ORD-1829,2024-08-09 23:55:00,CUST-403,Hogar,Espejo,4,153.39,613.56,Barcelona
ORD-1830,2024-12-14 15:31:00,CUST-673,Deportes,Bicicleta,3,85.17,255.51,Barcelona
ORD-1831,2025-01-30 13:02:00,CUST-470,Hogar,Sartén,1,258.99,258.99,Madrid
ORD-1832,2024-07-26 15:20:00,CUST-947,Ropa,Pantalones,2,394.06,788.12,Valencia
ORD-1833,2024-10-12 08:12:00,CUST-975,Electrónica,Tablet,4,406.74,1626.96,Valencia
ORD-1834,2025-01-18 01:17:00,CUST-666,Hogar,Sartén,1,484.0,484.0,Barcelona
ORD-1835,2024-09-26 18:59:00,CUST-788,Hogar,Cojín,4,465.88,1863.52,Madrid
ORD-1836,2025-01-13 10:47:00,CUST-629,Hogar,Lámpara,1,480.47,480.47,Valencia
ORD-1837,2024-06-29 11:03:00,CUST-185,Ropa,Pantalones,4,386.7,1546.8,Madrid
ORD-1838,2024-03-14 13:49:00,CUST-255,Electrónica,Tablet,5,139.51,697.55,Zaragoza
ORD-1839,2024-07-09 09:39:00,CUST-768,Hogar,Cafetera,5,436.43,2182.15,Madrid
ORD-1840,2024-09-27 10:25:00,CUST-932,Hogar,Cafetera,5,14.72,73.6,Zaragoza
ORD-1841,2024-06-25 02:57:00,CUST-831,Ropa,Camiseta,5,39.39,196.95,Valencia
ORD-1842,2024-11-15 17:57:00,CUST-949,Electrónica,Smartphone,1,54.7,54.7,Sevilla
ORD-1843,2024-09-11 02:58:00,CUST-648,Hogar,Sartén,5,148.31,741.55,Madrid
ORD-1844,2025-01-16 07:39:00,CUST-180,Hogar,Sartén,2,379.55,759.1,Zaragoza
ORD-1845,2024-09-02 07:22:00,CUST-479,Deportes,Balón,3,40.84,122.52,Zaragoza
ORD-1846,2024-07-25 13:24:00,CUST-314,Deportes,Mancuerna,3,240.77,722.31,Málaga
ORD-1847,2024-07-25 19:09:00,CUST-259,Deportes,Raqueta,4,463.25,1853.0,Málaga
ORD-1848,2024-08-10 01:18:00,CUST-733,Libros,Cómic,2,66.48,132.96,Zaragoza
ORD-1849,2024-03-19 09:14:00,CUST-534,Deportes,Raqueta,2,173.55,347.1,Sevilla
ORD-1850,2024-12-11 19:29:00,CUST-623,Electrónica,Auriculares,3,435.72,1307.16,Valencia
ORD-1851,2024-01-29 09:50:00,CUST-159,Electrónica,Tablet,1,483.81,483.81,Sevilla
ORD-1852,2024-12-31 22:25:00,CUST-246,Deportes,Esterilla,2,84.97,169.94,Barcelona
ORD-1853,2024-07-16 20:20:00,CUST-576,Hogar,Cojín,5,474.35,2371.75,Sevilla
ORD-1854,2024-03-04 12:57:00,CUST-761,Hogar,Cojín,4,85.83,343.32,Madrid
ORD-1855,2024-09-24 17:59:00,CUST-182,Electrónica,Smartwatch,4,439.83,1759.32,Madrid
ORD-1856,2024-02-06 14:27:00,CUST-961,Ropa,Pantalones,2,78.06,156.12,Valencia
ORD-1857,2024-12-20 01:14:00,CUST-397,Hogar,Cafetera,4,17.72,70.88,Barcelona
ORD-1858,2024-03-07 12:40:00,CUST-934,Hogar,Sartén,3,163.03,489.09,Málaga
ORD-1859,2024-07-23 19:28:00,CUST-433,Hogar,Sartén,1,180.32,180.32,Sevilla
ORD-1860,2025-01-15 08:43:00,CUST-297,Libros,Biografía,3,137.24,411.72,Madrid
ORD-1861,2024-07-06 01:00:00,CUST-900,Ropa,Camiseta,3,68.36,205.08,Valencia
ORD-1862,2024-11-02 04:25:00,CUST-535,Deportes,Raqueta,1,131.67,131.67,Málaga
ORD-1863,2025-01-01 08:01:00,CUST-667,Electrónica,Smartwatch,3,483.57,1450.71,Sevilla
ORD-1864,2024-06-22 03:59:00,CUST-189,Deportes,Mancuerna,4,136.55,546.2,Barcelona
ORD-1865,2024-03-03 01:18:00,CUST-468,Hogar,Espejo,5,164.61,823.05,Málaga
ORD-1866,2024-10-24 09:01:00,CUST-676,Ropa,Pantalones,3,200.31,600.93,Sevilla
ORD-1867,2024-12-07 05:05:00,CUST-484,Electrónica,Laptop,3,140.07,420.21,Sevilla
ORD-1868,2024-10-07 11:03:00,CUST-692,Libros,Ensayo,4,59.14,236.56,Barcelona
ORD-1869,2024-01-06 09:52:00,CUST-214,Hogar,Sartén,3,227.45,682.35,Málaga
ORD-1870,2024-04-16 22:37:00,CUST-449,Hogar,Cojín,4,173.7,694.8,Málaga
ORD-1871,2024-10-05 09:57:00,CUST-505,Libros,Poesía,2,11.46,22.92,Málaga
ORD-1872,2024-01-02 19:50:00,CUST-262,Ropa,Camiseta,3,433.25,1299.75,Valencia
ORD-1873,2024-10-18 20:37:00,CUST-253,Libros,Cómic,3,126.91,380.73,Madrid
ORD-1874,2024-01-04 16:21:00,CUST-333,Libros,Cómic,5,148.12,740.6,Madrid
ORD-1875,2024-09-24 10:18:00,CUST-905,Hogar,Espejo,3,483.34,1450.02,Barcelona
ORD-1876,2025-01-17 13:58:00,CUST-621,Electrónica,Smartwatch,3,101.94,305.82,Valencia
ORD-1877,2024-03-22 00:48:00,CUST-804,Electrónica,Auriculares,3,404.58,1213.74,Zaragoza
ORD-1878,2024-12-01 18:19:00,CUST-604,Deportes,Mancuerna,1,367.84,367.84,Málaga
ORD-1879,2024-05-20 12:54:00,CUST-319,Libros,Cómic,5,131.98,659.9,Zaragoza
ORD-1880,2025-01-28 20:01:00,CUST-507,Ropa,Chaqueta,3,206.98,620.94,Zaragoza
ORD-1881,2024-02-06 01:47:00,CUST-101,Deportes,Balón,1,451.48,451.48,Málaga
ORD-1882,2024-11-09 16:53:00,CUST-526,Hogar,Cojín,2,466.39,932.78,Valencia
ORD-1883,2024-12-22 22:40:00,CUST-190,Libros,Ensayo,4,62.98,251.92,Málaga
ORD-1884,2024-12-12 04:08:00,CUST-781,Hogar,Sartén,4,171.97,687.88,Zaragoza
ORD-1885,2024-06-19 05:47:00,CUST-721,Hogar,Lámpara,5,201.77,1008.85,Barcelona
ORD-1886,2024-02-25 00:56:00,CUST-320,Hogar,Lámpara,5,279.86,1399.3,Barcelona
ORD-1887,2024-06-27 11:12:00,CUST-469,Electrónica,Laptop,5,379.96,1899.8,Málaga
ORD-1888,2025-01-15 05:46:00,CUST-923,Electrónica,Tablet,5,410.3,2051.5,Barcelona
ORD-1889,2024-07-17 09:27:00,CUST-124,Hogar,Espejo,4,108.52,434.08,Madrid
ORD-1890,2024-11-22 12:08:00,CUST-134,Electrónica,Auriculares,5,229.37,1146.85,Madrid
ORD-1891,2024-06-28 03:49:00,CUST-505,Electrónica,Smartphone,2,401.82,803.64,Barcelona
ORD-1892,2024-09-30 09:42:00,CUST-556,Electrónica,Smartphone,5,167.94,839.7,Málaga
ORD-1893,2024-09-06 02:21:00,CUST-853,Libros,Poesía,2,418.7,837.4,Sevilla
ORD-1894,2024-10-01 01:27:00,CUST-928,Electrónica,Smartphone,2,15.47,30.94,Valencia
ORD-1895,2024-08-25 09:17:00,CUST-400,Libros,Novela,1,358.35,358.35,Barcelona
ORD-1896,2024-01-18 05:57:00,CUST-522,Libros,Novela,3,229.97,689.91,Zaragoza
ORD-1897,2024-07-12 06:33:00,CUST-993,Ropa,Chaqueta,5,225.57,1127.85,Zaragoza
ORD-1898,2024-12-03 13:17:00,CUST-930,Ropa,Chaqueta,2,21.67,43.34,Madrid
ORD-1899,2024-03-24 00:26:00,CUST-518,Hogar,Sartén,2,157.33,314.66,Valencia
ORD-1900,2024-01-16 23:59:00,CUST-832,Libros,Novela,3,493.18,1479.54,Valencia
ORD-1901,2024-01-20 09:34:00,CUST-465,Deportes,Esterilla,5,261.0,1305.0,Madrid
ORD-1902,2024-11-18 09:41:00,CUST-517,Libros,Poesía,4,182.48,729.92,Barcelona
ORD-1903,2024-03-02 02:14:00,CUST-172,Deportes,Esterilla,4,466.26,1865.04,Zaragoza
ORD-1904,2024-07-31 17:56:00,CUST-833,Hogar,Cafetera,2,129.48,258.96,Málaga
ORD-1905,2024-07-14 19:34:00,CUST-502,Libros,Biografía,2,69.54,139.08,Barcelona
ORD-1906,2024-09-28 11:54:00,CUST-655,Libros,Biografía,1,14.44,14.44,Valencia
ORD-1907,2024-10-12 08:42:00,CUST-487,Deportes,Balón,2,169.06,338.12,Valencia
ORD-1908,2024-03-13 05:56:00,CUST-858,Hogar,Sartén,5,276.98,1384.9,Valencia
ORD-1909,2024-09-20 06:59:00,CUST-858,Libros,Biografía,3,92.15,276.45,Madrid
ORD-1910,2025-01-31 03:33:00,CUST-293,Electrónica,Auriculares,1,328.14,328.14,Zaragoza
ORD-1911,2024-12-19 10:14:00,CUST-491,Deportes,Esterilla,5,328.79,1643.95,Madrid
ORD-1912,2024-02-05 09:38:00,CUST-884,Libros,Poesía,1,484.71,484.71,Sevilla
ORD-1913,2024-07-23 12:39:00,CUST-471,Deportes,Raqueta,5,63.77,318.85,Sevilla
ORD-1914,2024-07-02 00:04:00,CUST-659,Deportes,Balón,4,491.69,1966.76,Barcelona
ORD-1915,2024-08-23 18:27:00,CUST-258,Hogar,Espejo,5,201.92,1009.6,Madrid
ORD-1916,2024-08-07 20:10:00,CUST-602,Deportes,Bicicleta,1,210.12,210.12,Málaga
ORD-1917,2024-01-18 03:06:00,CUST-577,Ropa,Pantalones,2,481.25,962.5,Sevilla
ORD-1918,2024-07-13 01:02:00,CUST-356,Libros,Ensayo,4,183.81,735.24,Zaragoza
ORD-1919,2024-07-12 01:55:00,CUST-790,Deportes,Esterilla,3,197.82,593.46,Málaga
ORD-1920,2024-06-04 21:14:00,CUST-448,Hogar,Cojín,1,269.57,269.57,Barcelona
ORD-1921,2024-04-08 13:59:00,CUST-716,Libros,Ensayo,3,328.28,984.84,Zaragoza
ORD-1922,2024-08-09 11:02:00,CUST-287,Hogar,Cojín,4,17.03,68.12,Málaga
ORD-1923,2024-09-01 17:18:00,CUST-226,Libros,Biografía,1,235.35,235.35,Málaga
ORD-1924,2024-04-09 04:12:00,CUST-488,Libros,Ensayo,1,190.98,190.98,Madrid
ORD-1925,2024-06-15 07:05:00,CUST-132,Deportes,Raqueta,2,494.21,988.42,Valencia
ORD-1926,2024-08-24 06:50:00,CUST-745,Ropa,Camiseta,5,427.21,2136.05,Valencia
ORD-1927,2024-11-09 03:58:00,CUST-313,Electrónica,Laptop,1,58.48,58.48,Madrid
ORD-1928,2024-03-25 18:47:00,CUST-777,Hogar,Espejo,4,330.34,1321.36,Sevilla
ORD-1929,2024-12-28 09:46:00,CUST-552,Deportes,Raqueta,1,487.22,487.22,Barcelona
ORD-1930,2024-06-23 03:40:00,CUST-385,Electrónica,Laptop,4,384.71,1538.84,Málaga
ORD-1931,2024-01-28 06:46:00,CUST-227,Electrónica,Auriculares,5,321.8,1609.0,Valencia
ORD-1932,2024-08-04 06:23:00,CUST-115,Ropa,Camiseta,4,411.89,1647.56,Sevilla
ORD-1933,2025-01-31 07:29:00,CUST-659,Ropa,Chaqueta,1,469.98,469.98,Zaragoza
ORD-1934,2024-02-18 14:35:00,CUST-731,Libros,Ensayo,2,172.61,345.22,Sevilla
ORD-1935,2024-12-14 21:41:00,CUST-674,Hogar,Cojín,3,367.63,1102.89,Valencia
ORD-1936,2024-02-29 22:37:00,CUST-584,Hogar,Cafetera,5,420.02,2100.1,Sevilla
ORD-1937,2024-02-20 12:53:00,CUST-593,Deportes,Raqueta,3,205.43,616.29,Madrid
ORD-1938,2024-10-01 02:14:00,CUST-487,Hogar,Cojín,3,251.26,753.78,Málaga
ORD-1939,2024-09-05 19:46:00,CUST-534,Deportes,Esterilla,1,238.28,238.28,Valencia
ORD-1940,2025-01-12 11:42:00,CUST-800,Libros,Novela,4,130.96,523.84,Sevilla
ORD-1941,2024-06-24 02:58:00,CUST-759,Electrónica,Tablet,2,349.72,699.44,Sevilla
ORD-1942,2024-08-01 18:53:00,CUST-306,Deportes,Esterilla,3,491.9,1475.7,Sevilla
ORD-1943,2025-02-03 09:35:00,CUST-541,Ropa,Zapatillas,4,261.23,1044.92,Sevilla
ORD-1944,2024-11-03 10:56:00,CUST-342,Ropa,Camiseta,1,210.08,210.08,Zaragoza
ORD-1945,2024-03-04 11:48:00,CUST-571,Ropa,Camiseta,4,435.16,1740.64,Valencia
ORD-1946,2024-08-19 17:28:00,CUST-545,Deportes,Raqueta,1,256.49,256.49,Valencia
ORD-1947,2024-12-11 01:56:00,CUST-335,Libros,Ensayo,4,140.02,560.08,Sevilla
ORD-1948,2024-04-16 00:49:00,CUST-867,Libros,Cómic,5,264.27,1321.35,Barcelona
ORD-1949,2025-02-04 00:17:00,CUST-710,Deportes,Esterilla,2,464.64,929.28,Madrid
ORD-1950,2024-06-17 17:56:00,CUST-593,Hogar,Lámpara,1,340.04,340.04,Sevilla
ORD-1951,2024-12-12 15:49:00,CUST-544,Libros,Biografía,2,103.67,207.34,Madrid
ORD-1952,2024-05-29 00:41:00,CUST-677,Libros,Cómic,1,161.45,161.45,Zaragoza
ORD-1953,2024-12-26 06:01:00,CUST-377,Hogar,Lámpara,3,351.77,1055.31,Barcelona
ORD-1954,2024-10-05 08:21:00,CUST-198,Electrónica,Laptop,5,197.1,985.5,Málaga
ORD-1955,2024-07-14 03:44:00,CUST-257,Hogar,Lámpara,4,393.33,1573.32,Barcelona
ORD-1956,2024-12-18 13:08:00,CUST-799,Electrónica,Smartphone,2,15.64,31.28,Madrid
ORD-1957,2024-03-01 09:44:00,CUST-262,Electrónica,Laptop,4,397.35,1589.4,Sevilla
ORD-1958,2024-03-12 10:38:00,CUST-505,Ropa,Camiseta,2,309.49,618.98,Sevilla
ORD-1959,2024-08-05 01:22:00,CUST-655,Electrónica,Auriculares,1,64.46,64.46,Barcelona
ORD-1960,2024-04-09 17:06:00,CUST-153,Deportes,Esterilla,4,392.33,1569.32,Madrid
ORD-1961,2024-09-23 07:34:00,CUST-359,Deportes,Balón,1,396.87,396.87,Madrid
ORD-1962,2024-01-12 10:57:00,CUST-805,Deportes,Balón,5,477.01,2385.05,Barcelona
ORD-1963,2024-08-18 04:45:00,CUST-385,Electrónica,Smartwatch,1,336.81,336.81,Valencia
ORD-1964,2024-01-20 19:02:00,CUST-518,Deportes,Bicicleta,3,325.11,975.33,Valencia
ORD-1965,2024-04-02 13:00:00,CUST-818,Deportes,Esterilla,5,90.77,453.85,Valencia
ORD-1966,2025-01-12 06:26:00,CUST-856,Deportes,Balón,1,333.41,333.41,Sevilla
ORD-1967,2024-07-12 16:21:00,CUST-932,Electrónica,Smartphone,4,315.85,1263.4,Madrid
ORD-1968,2024-02-09 02:37:00,CUST-461,Hogar,Espejo,4,415.67,1662.68,Valencia
ORD-1969,2024-06-27 12:55:00,CUST-673,Deportes,Raqueta,4,66.93,267.72,Barcelona
ORD-1970,2024-10-12 15:46:00,CUST-241,Electrónica,Auriculares,3,291.04,873.12,Barcelona
ORD-1971,2024-09-17 08:14:00,CUST-712,Electrónica,Auriculares,3,453.37,1360.11,Valencia
ORD-1972,2024-02-02 13:18:00,CUST-450,Electrónica,Auriculares,3,29.56,88.68,Sevilla
ORD-1973,2024-08-18 00:59:00,CUST-361,Hogar,Sartén,2,304.05,608.1,Valencia
ORD-1974,2024-03-28 08:46:00,CUST-302,Hogar,Sartén,5,165.52,827.6,Sevilla
ORD-1975,2024-06-16 15:19:00,CUST-596,Electrónica,Laptop,1,109.66,109.66,Valencia
ORD-1976,2024-12-19 16:23:00,CUST-512,Libros,Biografía,1,473.98,473.98,Barcelona
ORD-1977,2024-02-03 16:22:00,CUST-255,Libros,Ensayo,2,482.73,965.46,Málaga
ORD-1978,2025-02-02 22:31:00,CUST-337,Ropa,Pantalones,4,107.3,429.2,Málaga
ORD-1979,2024-01-21 08:23:00,CUST-509,Electrónica,Auriculares,4,444.58,1778.32,Málaga
ORD-1980,2024-10-06 19:45:00,CUST-827,Deportes,Bicicleta,2,148.95,297.9,Madrid
ORD-1981,2024-11-06 19:05:00,CUST-299,Libros,Novela,3,411.58,1234.74,Sevilla
ORD-1982,2024-10-28 23:12:00,CUST-550,Hogar,Espejo,4,31.47,125.88,Málaga
ORD-1983,2024-01-21 04:38:00,CUST-228,Electrónica,Laptop,1,272.26,272.26,Valencia
ORD-1984,2024-07-18 12:10:00,CUST-268,Libros,Ensayo,3,277.25,831.75,Málaga
ORD-1985,2024-09-27 07:23:00,CUST-517,Deportes,Bicicleta,3,474.03,1422.09,Valencia
ORD-1986,2024-12-26 01:09:00,CUST-782,Electrónica,Smartphone,4,389.21,1556.84,Zaragoza
ORD-1987,2024-10-05 16:56:00,CUST-790,Ropa,Pantalones,3,487.38,1462.14,Valencia
ORD-1988,2024-08-17 21:10:00,CUST-430,Libros,Ensayo,1,447.89,447.89,Madrid
ORD-1989,2024-10-23 23:44:00,CUST-640,Deportes,Raqueta,5,58.9,294.5,Zaragoza
ORD-1990,2024-12-30 14:07:00,CUST-383,Electrónica,Tablet,3,158.73,476.19,Zaragoza
ORD-1991,2024-07-24 21:08:00,CUST-508,Electrónica,Smartphone,5,147.84,739.2,Zaragoza
ORD-1992,2024-08-11 20:26:00,CUST-989,Deportes,Mancuerna,1,441.04,441.04,Valencia
ORD-1993,2024-02-03 08:03:00,CUST-773,Hogar,Lámpara,4,215.1,860.4,Madrid
ORD-1994,2024-10-13 04:04:00,CUST-778,Hogar,Cafetera,4,397.76,1591.04,Sevilla
ORD-1995,2024-12-28 07:51:00,CUST-563,Libros,Biografía,1,346.54,346.54,Zaragoza
ORD-1996,2024-01-09 23:05:00,CUST-898,Deportes,Esterilla,1,299.03,299.03,Valencia
ORD-1997,2025-01-25 11:20:00,CUST-477,Electrónica,Laptop,1,348.44,348.44,Madrid
ORD-1998,2025-02-01 10:40:00,CUST-726,Hogar,Sartén,1,308.33,308.33,Barcelona
ORD-1999,2025-01-13 21:41:00,CUST-585,Libros,Novela,2,119.58,239.16,Valencia
ORD-2000,2025-01-13 07:48:00,CUST-711,Libros,Novela,5,295.88,1479.4,Valencia
